,Projection_Onto_Kernel_Vector_0,Projection_Onto_Kernel_Vector_1,Projection_Onto_Kernel_Vector_2,Projection_Onto_Kernel_Vector_3,Projection_Onto_Kernel_Vector_4,Projection_Onto_Kernel_Vector_5,Projection_Onto_Kernel_Vector_6,Projection_Onto_Kernel_Vector_7,Projection_Onto_Kernel_Vector_8,ErrorInCashFlow
0,103863.0,114683.0,129113.0,137879.0,143392.0,158412.0,161259.0,177381.0,179618.0,
1,260.0,265.0,258.0,333.0,338.0,343.0,365.0,365.0,387.0,
2,179.0,207.0,249.0,305.0,323.0,345.0,360.0,415.0,437.0,
3,14.0,23.0,24.0,22.0,24.0,24.0,27.0,28.0,30.0,
4,2460.0,2808.0,2633.0,2966.0,3490.0,3656.0,4021.0,4207.0,4223.0,
5,599.0,673.0,743.0,808.0,838.0,889.0,959.0,1024.0,1076.0,
6,101.0,115.0,130.0,162.0,184.0,207.0,232.0,249.0,283.0,
7,120.0,109.0,84.0,113.0,109.0,106.0,114.0,115.0,116.0,
8,345.0,284.0,338.0,348.0,398.0,405.0,428.0,430.0,466.0,
9,206.0,251.0,315.0,385.0,438.0,496.0,553.0,613.0,671.0,
10,168.0,171.0,182.0,186.0,191.0,194.0,198.0,208.0,211.0,
11,21.0,23.0,23.0,23.0,24.0,25.0,26.0,26.0,27.0,
12,117.0,154.0,163.0,212.0,211.0,214.0,220.0,225.0,229.0,
13,281.0,289.0,314.0,355.0,367.0,380.0,389.0,399.0,405.0,
14,547.0,694.0,733.0,915.0,1056.0,1107.0,1229.0,1308.0,1374.0,
15,2069.0,2264.0,2679.0,3084.0,3243.0,3488.0,3603.0,3790.0,4068.0,
16,6.0,13.0,31.0,37.0,38.0,41.0,44.0,45.0,49.0,
17,117.0,120.0,126.0,123.0,122.0,125.0,128.0,131.0,134.0,
18,137.0,254.0,408.0,495.0,514.0,527.0,533.0,543.0,557.0,
19,480.0,508.0,517.0,550.0,570.0,580.0,592.0,605.0,619.0,
20,611.0,665.0,681.0,692.0,721.0,732.0,747.0,766.0,788.0,
21,1072.0,1062.0,1169.0,1264.0,1095.0,1205.0,1366.0,1453.0,1573.0,
22,23.0,25.0,37.0,41.0,39.0,41.0,41.0,41.0,46.0,
23,62.0,58.0,69.0,68.0,66.0,75.0,77.0,79.0,92.0,
24,7.0,9.0,29.0,34.0,42.0,51.0,57.0,65.0,72.0,
25,44.0,65.0,71.0,71.0,88.0,96.0,107.0,114.0,105.0,
26,3152.0,3361.0,3541.0,3823.0,4082.0,4365.0,4559.0,4834.0,5107.0,
27,1.0,38.0,119.0,189.0,215.0,233.0,251.0,268.0,294.0,
28,61.0,64.0,69.0,73.0,78.0,79.0,86.0,94.0,98.0,
29,745.0,759.0,791.0,820.0,832.0,852.0,890.0,949.0,961.0,
30,613.0,633.0,787.0,853.0,893.0,928.0,1009.0,1013.0,1063.0,
31,14542.0,10859.0,10344.0,13365.0,12805.0,13314.0,13789.0,14272.0,15065.0,
32,771.0,933.0,1079.0,1196.0,1302.0,1428.0,1544.0,1681.0,1806.0,
33,12.0,15.0,19.0,25.0,26.0,27.0,29.0,30.0,32.0,
34,339.0,326.0,318.0,329.0,350.0,362.0,364.0,375.0,399.0,
35,15257.0,15616.0,16644.0,17536.0,18468.0,18921.0,20010.0,21065.0,21973.0,
36,393.0,338.0,428.0,475.0,542.0,569.0,667.0,705.0,663.0,
37,19.0,24.0,22.0,23.0,24.0,23.0,24.0,26.0,26.0,
38,317.0,155.0,508.0,781.0,965.0,1129.0,1222.0,1402.0,1477.0,
39,101.0,125.0,116.0,112.0,130.0,112.0,114.0,145.0,134.0,
40,284.0,331.0,420.0,535.0,623.0,716.0,812.0,896.0,983.0,
41,788.0,794.0,870.0,960.0,985.0,1024.0,1069.0,1102.0,1137.0,
42,54.0,59.0,70.0,93.0,101.0,108.0,119.0,123.0,133.0,
43,2179.0,2434.0,2751.0,3107.0,3382.0,3639.0,3914.0,4226.0,4545.0,
44,686.0,833.0,941.0,1151.0,1272.0,1358.0,1505.0,1601.0,1703.0,
45,33.0,20.0,26.0,28.0,27.0,32.0,32.0,32.0,35.0,
46,14.0,15.0,17.0,17.0,18.0,19.0,19.0,19.0,20.0,
47,74.0,58.0,52.0,67.0,61.0,61.0,67.0,67.0,70.0,
48,113.0,134.0,121.0,120.0,143.0,145.0,144.0,170.0,163.0,
49,2.0,7.0,19.0,19.0,25.0,30.0,35.0,41.0,49.0,
50,367.0,347.0,426.0,426.0,462.0,499.0,532.0,568.0,601.0,
51,129.0,132.0,132.0,136.0,139.0,143.0,146.0,152.0,155.0,
52,908.0,970.0,1140.0,1248.0,1468.0,1545.0,1646.0,1729.0,1815.0,
53,9.0,119.0,115.0,147.0,170.0,172.0,173.0,194.0,207.0,
54,11.0,12.0,16.0,19.0,19.0,21.0,22.0,25.0,25.0,
55,14.0,12.0,9.0,15.0,16.0,16.0,12.0,15.0,16.0,
56,75.0,185.0,230.0,330.0,337.0,339.0,342.0,398.0,402.0,
57,86.0,111.0,106.0,133.0,118.0,129.0,134.0,151.0,153.0,
58,150.0,181.0,209.0,248.0,267.0,291.0,318.0,349.0,374.0,
59,2790.0,3291.0,3837.0,4368.0,4763.0,5051.0,5341.0,5641.0,5949.0,
60,50.0,91.0,153.0,181.0,199.0,208.0,203.0,212.0,225.0,
61,3.0,5.0,6.0,9.0,10.0,12.0,13.0,14.0,16.0,
62,19.0,30.0,45.0,58.0,57.0,59.0,64.0,65.0,62.0,
63,86.0,96.0,164.0,182.0,206.0,229.0,234.0,248.0,279.0,
64,2.0,2.0,5.0,5.0,5.0,6.0,6.0,6.0,7.0,
65,9.0,12.0,15.0,17.0,20.0,23.0,26.0,30.0,34.0,
66,194.0,262.0,236.0,255.0,283.0,305.0,284.0,307.0,352.0,
67,287.0,312.0,366.0,334.0,361.0,344.0,390.0,415.0,469.0,
68,182.0,200.0,231.0,292.0,308.0,325.0,334.0,367.0,369.0,
69,1580.0,1783.0,2376.0,2599.0,2824.0,3194.0,3460.0,3830.0,4223.0,
70,138.0,119.0,167.0,147.0,148.0,164.0,155.0,170.0,171.0,
71,923.0,1044.0,1188.0,1134.0,1180.0,1232.0,1239.0,1271.0,1290.0,
72,268.0,235.0,280.0,271.0,280.0,295.0,289.0,305.0,306.0,
73,297.0,326.0,317.0,343.0,346.0,365.0,377.0,402.0,414.0,
74,6.0,7.0,9.0,8.0,9.0,10.0,10.0,11.0,11.0,
75,6603.0,7194.0,7074.0,7290.0,7679.0,8016.0,8202.0,8389.0,8583.0,
76,459.0,518.0,635.0,719.0,807.0,866.0,919.0,972.0,1025.0,
77,6.0,6.0,6.0,6.0,6.0,6.0,7.0,7.0,7.0,
78,1318.0,1154.0,965.0,1224.0,1194.0,1220.0,1296.0,1292.0,1320.0,
79,18.0,17.0,37.0,41.0,50.0,61.0,69.0,78.0,86.0,
80,666.0,684.0,695.0,720.0,743.0,759.0,789.0,813.0,839.0,
81,18.0,22.0,26.0,35.0,36.0,37.0,36.0,38.0,41.0,
82,92.0,94.0,134.0,157.0,159.0,166.0,171.0,184.0,194.0,
83,706.0,716.0,822.0,895.0,952.0,1025.0,1095.0,1181.0,1280.0,
84,16.0,17.0,16.0,17.0,18.0,18.0,18.0,20.0,21.0,
85,521.0,610.0,778.0,907.0,930.0,981.0,1084.0,1136.0,1126.0,
86,223.0,218.0,241.0,244.0,249.0,257.0,261.0,266.0,260.0,
87,14956.0,15584.0,16825.0,18804.0,20548.0,22021.0,23460.0,25562.0,27326.0,
88,0.0,1.0,1.0,1.0,1.0,1.0,1.0,1.0,1.0,
89,85.0,93.0,121.0,136.0,152.0,169.0,183.0,197.0,213.0,
90,1420.0,1599.0,1699.0,1682.0,1763.0,1831.0,1863.0,1897.0,1960.0,
91,636.0,1150.0,1503.0,2606.0,2915.0,3186.0,3655.0,3893.0,4166.0,
92,2637.0,2748.0,2888.0,3099.0,3278.0,3372.0,3530.0,3649.0,3727.0,
93,204.0,280.0,379.0,406.0,481.0,546.0,581.0,615.0,604.0,
94,285.0,309.0,319.0,327.0,331.0,357.0,378.0,370.0,420.0,
95,142.0,186.0,233.0,284.0,319.0,353.0,380.0,424.0,469.0,
96,611.0,634.0,654.0,686.0,706.0,722.0,742.0,756.0,773.0,
97,44.0,162.0,341.0,479.0,566.0,628.0,719.0,784.0,844.0,
98,18.0,87.0,137.0,198.0,245.0,256.0,274.0,309.0,339.0,
99,202.0,193.0,216.0,244.0,258.0,265.0,271.0,278.0,278.0,
100,180.0,580.0,1716.0,2567.0,3910.0,5424.0,6785.0,8405.0,9942.0,
101,4.0,6.0,10.0,10.0,11.0,13.0,14.0,17.0,18.0,
102,672.0,780.0,887.0,888.0,926.0,952.0,981.0,1004.0,1042.0,
103,190.0,192.0,197.0,214.0,225.0,237.0,255.0,269.0,280.0,
104,1009.0,1012.0,1019.0,1061.0,1073.0,1103.0,1130.0,1148.0,1172.0,
105,568.0,673.0,863.0,1021.0,1128.0,1226.0,1309.0,1395.0,1483.0,
106,19.0,25.0,30.0,30.0,31.0,32.0,33.0,34.0,34.0,
107,45.0,102.0,139.0,179.0,199.0,222.0,244.0,273.0,299.0,
108,28.0,70.0,134.0,171.0,188.0,196.0,202.0,206.0,210.0,
109,66.0,40.0,41.0,50.0,48.0,51.0,53.0,54.0,53.0,
110,52.0,62.0,73.0,70.0,77.0,84.0,87.0,94.0,101.0,
111,201.0,213.0,243.0,273.0,297.0,318.0,349.0,370.0,390.0,
112,3.0,4.0,0.0,2.0,3.0,2.0,2.0,3.0,1.0,
113,7.0,7.0,12.0,18.0,19.0,20.0,21.0,23.0,23.0,
114,8256.0,8334.0,8278.0,8732.0,8957.0,9117.0,9336.0,9510.0,9698.0,
115,4.0,6.0,10.0,13.0,15.0,18.0,19.0,22.0,24.0,
116,576.0,708.0,857.0,990.0,1183.0,1327.0,1439.0,1566.0,1653.0,
117,14691.0,15456.0,15848.0,16341.0,16700.0,17086.0,17500.0,17913.0,18312.0,
118,62.0,83.0,110.0,130.0,146.0,161.0,176.0,193.0,213.0,
119,521.0,659.0,818.0,957.0,1051.0,1128.0,1208.0,1326.0,1415.0,
120,155.0,182.0,183.0,224.0,228.0,251.0,259.0,268.0,271.0,
121,68.0,53.0,75.0,69.0,70.0,75.0,75.0,77.0,80.0,
122,2.0,3.0,1.0,2.0,2.0,2.0,2.0,2.0,2.0,
123,373.0,675.0,655.0,805.0,915.0,928.0,1005.0,1026.0,1056.0,
124,90.0,89.0,95.0,98.0,100.0,102.0,105.0,106.0,108.0,
125,64.0,78.0,73.0,70.0,76.0,79.0,86.0,90.0,95.0,
126,106.0,128.0,160.0,185.0,201.0,213.0,227.0,241.0,268.0,
127,532.0,582.0,541.0,476.0,494.0,513.0,529.0,542.0,561.0,
128,236.0,285.0,326.0,380.0,389.0,419.0,434.0,459.0,492.0,
129,39.0,51.0,60.0,65.0,73.0,73.0,78.0,81.0,92.0,
130,2236.0,2389.0,2404.0,2597.0,2676.0,2719.0,2814.0,2869.0,2995.0,
131,473.0,472.0,605.0,733.0,826.0,951.0,1078.0,1213.0,1374.0,
132,54.0,106.0,207.0,237.0,234.0,243.0,271.0,279.0,264.0,
133,2.0,40.0,39.0,66.0,90.0,98.0,118.0,131.0,143.0,
134,587.0,624.0,684.0,784.0,792.0,806.0,873.0,890.0,909.0,
135,2975.0,3844.0,4856.0,5874.0,6237.0,6395.0,6544.0,6720.0,6884.0,
136,46.0,42.0,22.0,40.0,48.0,55.0,66.0,54.0,61.0,
137,44.0,48.0,51.0,55.0,58.0,62.0,67.0,72.0,77.0,
138,472.0,697.0,828.0,1027.0,1133.0,1196.0,1191.0,1214.0,1348.0,
139,72.0,90.0,110.0,131.0,147.0,165.0,185.0,206.0,226.0,
140,287.0,309.0,343.0,357.0,387.0,430.0,486.0,501.0,538.0,
141,471.0,542.0,622.0,575.0,597.0,643.0,657.0,695.0,711.0,
142,3.0,19.0,2.0,7.0,10.0,7.0,8.0,9.0,9.0,
143,50.0,19.0,22.0,49.0,41.0,42.0,56.0,49.0,62.0,
144,101.0,117.0,133.0,144.0,156.0,166.0,176.0,185.0,195.0,
145,1629.0,1711.0,1751.0,1869.0,1954.0,2072.0,2161.0,2273.0,2363.0,
146,158.0,155.0,117.0,168.0,167.0,153.0,176.0,177.0,180.0,
147,314.0,301.0,321.0,382.0,386.0,415.0,430.0,465.0,473.0,
148,470.0,645.0,1050.0,1333.0,1498.0,1662.0,1830.0,2166.0,2160.0,
149,36.0,52.0,57.0,76.0,80.0,84.0,89.0,93.0,99.0,
150,1850.0,2174.0,2448.0,2868.0,3127.0,3347.0,3594.0,3821.0,4034.0,
151,156.0,130.0,235.0,226.0,210.0,244.0,237.0,248.0,257.0,
152,3.0,4.0,4.0,4.0,5.0,4.0,5.0,5.0,6.0,
153,17.0,20.0,32.0,31.0,33.0,33.0,36.0,41.0,42.0,
154,8114.0,8665.0,9272.0,9972.0,10742.0,11560.0,12275.0,13011.0,13936.0,
155,211.0,250.0,266.0,320.0,346.0,370.0,405.0,443.0,487.0,
156,336.0,257.0,283.0,247.0,235.0,239.0,268.0,323.0,353.0,
157,2.0,7.0,10.0,12.0,12.0,13.0,14.0,14.0,15.0,
158,56.0,66.0,71.0,90.0,90.0,95.0,96.0,100.0,104.0,
159,56.0,72.0,79.0,92.0,94.0,112.0,121.0,108.0,133.0,
160,8.0,8.0,8.0,8.0,8.0,9.0,9.0,9.0,9.0,
161,99.0,116.0,129.0,149.0,174.0,194.0,216.0,235.0,257.0,
162,35.0,29.0,29.0,33.0,33.0,45.0,38.0,53.0,50.0,
163,3410.0,3327.0,3238.0,3296.0,3376.0,3479.0,3564.0,3654.0,3757.0,
164,175.0,202.0,201.0,224.0,254.0,275.0,302.0,324.0,337.0,
165,503.0,542.0,704.0,869.0,1001.0,1062.0,1164.0,1137.0,1265.0,
166,10.0,11.0,10.0,11.0,11.0,12.0,12.0,12.0,12.0,
167,348.0,414.0,448.0,486.0,541.0,577.0,642.0,679.0,714.0,
168,227.0,246.0,261.0,268.0,282.0,289.0,304.0,316.0,332.0,
169,267.0,265.0,290.0,325.0,326.0,333.0,355.0,367.0,403.0,
170,19.0,18.0,19.0,20.0,21.0,21.0,23.0,24.0,24.0,
171,33.0,48.0,52.0,64.0,74.0,79.0,90.0,96.0,104.0,
172,173.0,238.0,232.0,302.0,301.0,294.0,320.0,316.0,337.0,
173,127.0,146.0,188.0,227.0,231.0,237.0,233.0,253.0,252.0,
174,9315.0,11384.0,13185.0,15356.0,16918.0,18531.0,20081.0,20981.0,22409.0,
175,242.0,336.0,384.0,535.0,607.0,683.0,772.0,869.0,943.0,
176,87.0,96.0,130.0,161.0,169.0,186.0,200.0,220.0,233.0,
177,0.0,4.0,6.0,8.0,8.0,9.0,9.0,9.0,9.0,
178,3.0,2.0,2.0,2.0,3.0,3.0,3.0,3.0,3.0,
179,39.0,37.0,42.0,42.0,43.0,44.0,45.0,46.0,47.0,
180,456.0,369.0,472.0,538.0,598.0,707.0,785.0,862.0,974.0,
181,23.0,56.0,115.0,100.0,80.0,110.0,107.0,109.0,99.0,
182,46.0,59.0,61.0,66.0,74.0,79.0,83.0,92.0,96.0,
183,1144.0,967.0,613.0,1053.0,942.0,1038.0,991.0,1188.0,1040.0,
184,415.0,434.0,456.0,463.0,475.0,495.0,508.0,521.0,535.0,
185,36.0,35.0,40.0,40.0,40.0,43.0,44.0,45.0,45.0,
186,28.0,38.0,46.0,57.0,65.0,78.0,87.0,99.0,121.0,
187,22.0,40.0,41.0,57.0,66.0,69.0,76.0,73.0,75.0,
188,9263.0,9347.0,10068.0,10594.0,11195.0,11692.0,12536.0,13159.0,13514.0,
189,26.0,42.0,34.0,37.0,43.0,43.0,45.0,48.0,49.0,
190,2.0,12.0,15.0,31.0,33.0,32.0,34.0,34.0,35.0,
191,1659.0,1489.0,1651.0,2045.0,2013.0,2090.0,2164.0,2186.0,2235.0,
192,141.0,205.0,270.0,310.0,348.0,375.0,397.0,430.0,447.0,
193,38.0,41.0,45.0,51.0,54.0,56.0,58.0,59.0,63.0,
194,15.0,14.0,23.0,31.0,30.0,32.0,32.0,30.0,34.0,
195,240.0,261.0,277.0,232.0,241.0,248.0,259.0,268.0,278.0,
196,1794.0,2244.0,2831.0,3606.0,3504.0,3803.0,3859.0,4234.0,4839.0,
197,16919.0,19263.0,22129.0,25597.0,27966.0,30116.0,32161.0,33953.0,35751.0,
198,4180.0,4200.0,4253.0,4312.0,4469.0,4718.0,4858.0,4973.0,4915.0,
199,211.0,219.0,250.0,246.0,265.0,275.0,281.0,290.0,296.0,
200,64.0,28.0,131.0,193.0,180.0,219.0,211.0,203.0,251.0,
201,10.0,3.0,12.0,11.0,11.0,13.0,12.0,12.0,13.0,
202,348.0,379.0,417.0,412.0,442.0,473.0,506.0,541.0,579.0,
203,101.0,123.0,188.0,243.0,304.0,354.0,390.0,436.0,479.0,
204,4.0,7.0,10.0,7.0,9.0,10.0,8.0,10.0,10.0,
205,11.0,12.0,19.0,14.0,16.0,18.0,18.0,19.0,19.0,
206,203.0,143.0,151.0,166.0,165.0,179.0,188.0,183.0,188.0,
207,1435.0,1641.0,1751.0,1849.0,1967.0,2048.0,2136.0,2233.0,2274.0,
208,1342.0,1523.0,1705.0,1988.0,2089.0,2205.0,2292.0,2443.0,2668.0,
209,575.0,657.0,882.0,721.0,823.0,894.0,863.0,924.0,916.0,
210,1607.0,1941.0,2448.0,2739.0,2878.0,2971.0,3050.0,3127.0,3271.0,
211,211.0,190.0,178.0,201.0,212.0,201.0,240.0,238.0,242.0,
212,175.0,172.0,179.0,185.0,193.0,196.0,203.0,208.0,212.0,
213,14.0,11.0,20.0,35.0,36.0,38.0,42.0,46.0,48.0,
214,125.0,161.0,178.0,198.0,212.0,216.0,221.0,225.0,230.0,
215,9.0,11.0,7.0,19.0,30.0,32.0,41.0,51.0,64.0,
216,646.0,753.0,889.0,980.0,1047.0,1123.0,1182.0,1267.0,1370.0,
217,1187.0,1565.0,2032.0,2422.0,2825.0,3128.0,3361.0,3641.0,3897.0,
218,11.0,12.0,10.0,13.0,10.0,14.0,13.0,17.0,13.0,
219,337.0,413.0,513.0,616.0,676.0,725.0,798.0,825.0,906.0,
220,77.0,87.0,83.0,103.0,120.0,121.0,130.0,154.0,152.0,
221,11.0,12.0,14.0,16.0,17.0,18.0,18.0,19.0,20.0,
222,102.0,108.0,110.0,116.0,119.0,121.0,126.0,134.0,143.0,
223,90.0,100.0,136.0,162.0,162.0,168.0,170.0,173.0,177.0,
224,18.0,23.0,39.0,56.0,78.0,93.0,103.0,116.0,124.0,
225,16.0,18.0,39.0,55.0,68.0,79.0,89.0,98.0,106.0,
226,388.0,473.0,490.0,553.0,616.0,659.0,706.0,762.0,800.0,
227,694.0,834.0,955.0,1151.0,1245.0,1277.0,1346.0,1394.0,1431.0,
228,13.0,25.0,33.0,45.0,46.0,49.0,51.0,47.0,54.0,
229,157.0,199.0,283.0,352.0,402.0,439.0,466.0,496.0,522.0,
230,28.0,26.0,25.0,26.0,27.0,29.0,30.0,32.0,34.0,
231,332.0,404.0,461.0,548.0,620.0,652.0,701.0,726.0,794.0,
232,8.0,12.0,25.0,18.0,18.0,20.0,20.0,21.0,23.0,
233,102.0,131.0,181.0,203.0,213.0,214.0,225.0,230.0,235.0,
234,394.0,392.0,446.0,533.0,631.0,610.0,665.0,792.0,864.0,
235,37.0,53.0,57.0,71.0,86.0,96.0,110.0,119.0,128.0,
236,3024.0,3328.0,3735.0,4068.0,4235.0,4562.0,4832.0,5011.0,5355.0,
237,107.0,127.0,166.0,222.0,229.0,254.0,269.0,288.0,311.0,
238,36.0,34.0,33.0,34.0,41.0,46.0,46.0,50.0,50.0,
239,263.0,280.0,281.0,268.0,278.0,287.0,290.0,301.0,308.0,
240,12.0,13.0,13.0,15.0,16.0,17.0,17.0,18.0,18.0,
241,524.0,276.0,345.0,434.0,431.0,441.0,485.0,602.0,594.0,
242,198.0,467.0,969.0,1827.0,2700.0,3834.0,5265.0,7003.0,9102.0,
243,32.0,49.0,35.0,42.0,44.0,42.0,42.0,46.0,46.0,
244,540.0,619.0,703.0,791.0,845.0,904.0,962.0,1026.0,1115.0,
245,1140.0,1622.0,2445.0,3007.0,3362.0,3697.0,3991.0,4237.0,4467.0,
246,27.0,41.0,57.0,67.0,73.0,76.0,82.0,86.0,90.0,
247,95.0,102.0,185.0,202.0,220.0,241.0,244.0,275.0,299.0,
248,472.0,486.0,521.0,574.0,585.0,594.0,609.0,622.0,634.0,
249,700.0,685.0,717.0,782.0,814.0,856.0,911.0,965.0,1028.0,
250,518.0,433.0,356.0,463.0,297.0,385.0,496.0,482.0,508.0,
251,2463.0,2790.0,3019.0,3361.0,3484.0,3554.0,3649.0,3762.0,3930.0,
252,7.0,8.0,7.0,8.0,8.0,8.0,8.0,8.0,8.0,
253,63.0,62.0,75.0,88.0,90.0,93.0,94.0,97.0,98.0,
254,110.0,124.0,129.0,159.0,185.0,183.0,196.0,199.0,228.0,
255,4303.0,4994.0,5121.0,5311.0,6374.0,6525.0,6842.0,7265.0,7622.0,
256,0.0,0.0,0.0,0.0,0.0,0.0,0.0,0.0,0.0,
257,71.0,87.0,90.0,86.0,81.0,94.0,94.0,85.0,102.0,
258,141.0,142.0,143.0,152.0,155.0,161.0,169.0,174.0,179.0,
259,1008.0,1072.0,970.0,1124.0,1096.0,1100.0,1237.0,1271.0,1287.0,
260,1598.0,1653.0,1730.0,1806.0,1847.0,1891.0,1957.0,2044.0,2112.0,
261,163.0,147.0,187.0,197.0,190.0,216.0,224.0,227.0,232.0,
262,311.0,290.0,338.0,367.0,361.0,379.0,417.0,413.0,421.0,
263,24.0,33.0,50.0,60.0,62.0,66.0,69.0,72.0,76.0,
264,392.0,461.0,533.0,425.0,430.0,440.0,450.0,460.0,475.0,
265,37.0,25.0,52.0,34.0,41.0,48.0,44.0,48.0,51.0,
266,7.0,9.0,9.0,11.0,11.0,10.0,17.0,17.0,21.0,
267,27298.0,26709.0,27418.0,28797.0,29146.0,29706.0,30823.0,31485.0,32215.0,
268,80.0,89.0,111.0,122.0,131.0,134.0,139.0,138.0,147.0,
269,392.0,305.0,399.0,316.0,316.0,329.0,349.0,378.0,377.0,
270,125.0,164.0,228.0,297.0,332.0,369.0,395.0,426.0,455.0,
271,1460.0,1421.0,1442.0,1530.0,1546.0,1573.0,1612.0,1657.0,1737.0,
272,15738.0,16307.0,16704.0,18093.0,19083.0,20434.0,21279.0,21856.0,22639.0,
273,22.0,21.0,22.0,24.0,24.0,26.0,28.0,29.0,30.0,
274,153.0,119.0,115.0,119.0,119.0,124.0,127.0,130.0,130.0,
275,616.0,796.0,1007.0,1235.0,1406.0,1578.0,1745.0,1900.0,2057.0,
276,3.0,2.0,53.0,110.0,135.0,172.0,193.0,213.0,231.0,
277,1077.0,1189.0,1292.0,1358.0,1468.0,1535.0,1702.0,1756.0,1919.0,
278,102.0,93.0,79.0,75.0,80.0,63.0,80.0,85.0,95.0,
279,5.0,5.0,7.0,8.0,8.0,9.0,9.0,9.0,10.0,
280,456.0,534.0,692.0,685.0,732.0,810.0,861.0,939.0,1006.0,
281,1241.0,1349.0,1700.0,1978.0,2123.0,2207.0,2381.0,2615.0,2798.0,
282,34.0,36.0,33.0,40.0,41.0,42.0,49.0,47.0,50.0,
283,34.0,47.0,84.0,114.0,128.0,140.0,159.0,173.0,186.0,
284,1014.0,991.0,1133.0,1436.0,1463.0,1573.0,1717.0,1807.0,1971.0,
285,138.0,165.0,193.0,233.0,246.0,253.0,271.0,283.0,308.0,
286,7420.0,7520.0,8098.0,8525.0,8744.0,9240.0,9822.0,10249.0,10803.0,
287,546.0,608.0,534.0,661.0,705.0,679.0,837.0,877.0,895.0,
288,1167.0,1157.0,1234.0,1218.0,1260.0,1342.0,1367.0,1403.0,1410.0,
289,858.0,1224.0,1454.0,1866.0,1977.0,2097.0,2197.0,2224.0,2473.0,
290,9.0,9.0,15.0,12.0,13.0,14.0,14.0,14.0,15.0,
291,421.0,422.0,443.0,458.0,485.0,504.0,529.0,558.0,586.0,
292,2993.0,3354.0,3772.0,3926.0,3982.0,4317.0,4654.0,4864.0,4930.0,
293,3.0,6.0,6.0,12.0,15.0,15.0,19.0,25.0,22.0,
294,4.0,5.0,6.0,6.0,6.0,6.0,6.0,6.0,6.0,
295,779.0,798.0,888.0,885.0,931.0,890.0,974.0,1041.0,1123.0,
296,303.0,313.0,467.0,472.0,547.0,584.0,644.0,637.0,696.0,
297,222.0,258.0,352.0,437.0,471.0,499.0,525.0,557.0,586.0,
298,8.0,30.0,54.0,66.0,75.0,75.0,86.0,89.0,92.0,
299,8.0,6.0,8.0,8.0,8.0,8.0,8.0,8.0,9.0,
300,37.0,39.0,45.0,53.0,57.0,61.0,65.0,68.0,72.0,
301,330.0,268.0,506.0,617.0,786.0,1035.0,1265.0,1476.0,1666.0,
302,1120.0,1100.0,1185.0,1184.0,1207.0,1243.0,1268.0,1305.0,1335.0,
303,31.0,32.0,48.0,56.0,57.0,61.0,64.0,67.0,68.0,
304,74201.0,84509.0,97935.0,115283.0,129019.0,139060.0,148896.0,158351.0,167987.0,
305,850.0,978.0,1095.0,1222.0,1348.0,1365.0,1497.0,1625.0,1649.0,
306,473.0,497.0,573.0,622.0,636.0,637.0,679.0,692.0,714.0,
307,311.0,397.0,526.0,665.0,793.0,944.0,987.0,1052.0,1105.0,
308,961.0,1201.0,1481.0,1700.0,1808.0,1922.0,2033.0,2217.0,2413.0,
309,725.0,717.0,693.0,738.0,742.0,751.0,787.0,801.0,824.0,
310,1530.0,1604.0,1765.0,1817.0,1876.0,1938.0,1971.0,2016.0,2060.0,
311,4152.0,3945.0,3922.0,4214.0,4253.0,4360.0,4558.0,4651.0,4713.0,
312,242.0,235.0,258.0,379.0,404.0,420.0,450.0,469.0,491.0,
313,668.0,705.0,1228.0,1251.0,1288.0,1508.0,1381.0,1354.0,1488.0,
314,207.0,300.0,412.0,516.0,583.0,641.0,696.0,755.0,810.0,
315,9.0,6.0,2.0,7.0,8.0,8.0,9.0,9.0,10.0,
316,924.0,962.0,1002.0,1078.0,1127.0,1174.0,1248.0,1317.0,1394.0,
317,363.0,413.0,483.0,429.0,448.0,467.0,486.0,504.0,525.0,
318,1.0,1.0,1.0,1.0,1.0,1.0,1.0,1.0,1.0,
319,725.0,785.0,818.0,875.0,921.0,953.0,1000.0,1054.0,1105.0,
320,64.0,49.0,61.0,77.0,76.0,79.0,83.0,85.0,89.0,
321,1944.0,2236.0,2176.0,2204.0,2325.0,2341.0,2391.0,2512.0,2542.0,
322,269.0,371.0,412.0,454.0,495.0,488.0,527.0,566.0,637.0,
323,615.0,615.0,731.0,819.0,870.0,936.0,946.0,1022.0,1091.0,
324,1.0,1.0,2.0,2.0,2.0,2.0,2.0,2.0,2.0,
325,216.0,350.0,537.0,736.0,909.0,1054.0,1254.0,1460.0,1683.0,
326,80.0,104.0,119.0,144.0,159.0,175.0,189.0,197.0,223.0,
327,881.0,1571.0,1608.0,1983.0,2238.0,2225.0,2501.0,2613.0,2679.0,
328,48.0,75.0,96.0,118.0,115.0,123.0,125.0,125.0,146.0,
329,2804.0,2897.0,3452.0,4273.0,4582.0,4850.0,5252.0,5707.0,6153.0,
330,202.0,232.0,299.0,351.0,360.0,401.0,395.0,436.0,458.0,
331,4.0,4.0,4.0,5.0,5.0,5.0,6.0,6.0,6.0,
332,279.0,255.0,263.0,318.0,379.0,450.0,504.0,556.0,595.0,
333,349.0,399.0,443.0,473.0,487.0,492.0,525.0,533.0,555.0,
334,25.0,32.0,30.0,44.0,53.0,60.0,58.0,64.0,69.0,
335,571.0,534.0,590.0,537.0,591.0,754.0,806.0,834.0,891.0,
336,195.0,144.0,224.0,286.0,345.0,388.0,416.0,454.0,478.0,
337,321.0,350.0,416.0,553.0,609.0,662.0,741.0,800.0,858.0,
338,381.0,426.0,454.0,451.0,480.0,491.0,491.0,524.0,529.0,
339,3.0,5.0,10.0,23.0,34.0,43.0,51.0,58.0,63.0,
340,0.0,1.0,1.0,1.0,1.0,1.0,1.0,1.0,1.0,
341,27.0,30.0,34.0,37.0,40.0,42.0,44.0,47.0,50.0,
342,137.0,179.0,187.0,254.0,260.0,271.0,282.0,298.0,298.0,
343,231.0,254.0,292.0,400.0,438.0,461.0,498.0,522.0,540.0,
344,300.0,260.0,287.0,289.0,291.0,297.0,314.0,307.0,337.0,
345,73.0,100.0,147.0,250.0,264.0,280.0,289.0,302.0,320.0,
346,14.0,13.0,15.0,16.0,17.0,18.0,19.0,19.0,20.0,
347,33.0,37.0,56.0,63.0,65.0,64.0,66.0,73.0,75.0,
348,229.0,230.0,320.0,386.0,436.0,476.0,515.0,559.0,608.0,
349,17.0,19.0,20.0,21.0,22.0,22.0,23.0,24.0,24.0,
350,416.0,486.0,647.0,701.0,760.0,825.0,855.0,921.0,972.0,
351,23.0,87.0,147.0,247.0,313.0,374.0,437.0,506.0,585.0,
352,213.0,248.0,236.0,207.0,232.0,233.0,241.0,237.0,253.0,
353,745.0,790.0,841.0,919.0,983.0,1047.0,1112.0,1159.0,1205.0,
354,17.0,15.0,17.0,18.0,19.0,21.0,21.0,22.0,24.0,
355,361.0,407.0,458.0,539.0,595.0,630.0,718.0,742.0,779.0,
356,85.0,99.0,110.0,119.0,139.0,155.0,169.0,173.0,184.0,
357,694.0,747.0,828.0,860.0,962.0,1019.0,1107.0,1200.0,1296.0,
358,29.0,47.0,69.0,87.0,88.0,85.0,93.0,96.0,98.0,
359,1976.0,116.0,112.0,880.0,409.0,463.0,570.0,542.0,561.0,
360,29.0,31.0,34.0,33.0,34.0,35.0,36.0,37.0,38.0,
361,0.0,2.0,5.0,3.0,3.0,4.0,4.0,4.0,4.0,
362,65.0,67.0,68.0,71.0,72.0,74.0,75.0,78.0,79.0,
363,144.0,131.0,151.0,158.0,155.0,160.0,163.0,165.0,172.0,
364,984.0,1598.0,2408.0,2779.0,4451.0,4921.0,5822.0,6675.0,7359.0,
365,5730.0,5028.0,6812.0,9964.0,12874.0,15027.0,18239.0,21158.0,24162.0,
366,3.0,3.0,4.0,5.0,5.0,5.0,5.0,5.0,5.0,
367,6.0,6.0,7.0,7.0,7.0,7.0,7.0,8.0,8.0,
368,38.0,38.0,43.0,49.0,51.0,52.0,54.0,55.0,56.0,
369,46.0,61.0,103.0,140.0,149.0,166.0,179.0,194.0,217.0,
370,139.0,177.0,182.0,186.0,194.0,188.0,209.0,214.0,210.0,
371,289.0,188.0,178.0,195.0,200.0,225.0,244.0,256.0,269.0,
372,58.0,60.0,61.0,62.0,64.0,67.0,69.0,70.0,72.0,
373,1159.0,1004.0,1004.0,1116.0,1028.0,1149.0,1199.0,1211.0,1232.0,
374,27.0,20.0,7.0,19.0,21.0,18.0,26.0,19.0,30.0,
375,1551.0,2087.0,2234.0,2612.0,2937.0,3005.0,3229.0,3333.0,3466.0,
376,669.0,696.0,732.0,764.0,816.0,865.0,929.0,983.0,1038.0,
377,40.0,23.0,32.0,30.0,30.0,32.0,32.0,33.0,33.0,
378,104.0,108.0,106.0,110.0,112.0,115.0,118.0,121.0,126.0,
379,61.0,65.0,70.0,70.0,74.0,76.0,77.0,79.0,81.0,
380,6968.0,6904.0,7813.0,8125.0,8425.0,9051.0,9440.0,10272.0,10907.0,
381,616.0,596.0,577.0,680.0,712.0,706.0,730.0,803.0,843.0,
382,175.0,173.0,190.0,254.0,237.0,258.0,268.0,267.0,272.0,
383,222.0,273.0,360.0,341.0,364.0,380.0,368.0,402.0,412.0,
384,1184.0,1066.0,1134.0,1208.0,1234.0,1218.0,1264.0,1271.0,1282.0,
385,37.0,32.0,59.0,60.0,60.0,67.0,56.0,73.0,67.0,
386,1103.0,1103.0,1059.0,1144.0,1176.0,1229.0,1280.0,1303.0,1346.0,
387,329.0,364.0,399.0,344.0,352.0,360.0,367.0,375.0,386.0,
388,5.0,4.0,8.0,8.0,8.0,9.0,10.0,10.0,11.0,
389,2483.0,2854.0,3470.0,4024.0,4608.0,5120.0,5542.0,5961.0,6388.0,
390,72.0,74.0,69.0,83.0,87.0,86.0,91.0,94.0,95.0,
391,1981.0,2579.0,3450.0,3756.0,3992.0,4171.0,4284.0,4440.0,4600.0,
392,1303.0,1329.0,1497.0,1546.0,1611.0,1682.0,1739.0,1822.0,1890.0,
393,4.0,4.0,6.0,8.0,8.0,10.0,10.0,11.0,12.0,
394,2233.0,2507.0,2682.0,3011.0,3232.0,3424.0,3780.0,3944.0,4232.0,
395,22.0,30.0,33.0,49.0,55.0,57.0,67.0,75.0,79.0,
396,179.0,269.0,307.0,311.0,389.0,398.0,406.0,415.0,423.0,
397,625.0,886.0,1019.0,758.0,766.0,762.0,799.0,811.0,839.0,
398,129.0,130.0,135.0,137.0,143.0,147.0,150.0,154.0,161.0,
399,1175.0,1453.0,2143.0,3033.0,3210.0,3499.0,3781.0,4029.0,4325.0,
400,32.0,88.0,158.0,212.0,242.0,255.0,279.0,317.0,346.0,
401,13.0,15.0,14.0,16.0,17.0,18.0,18.0,19.0,19.0,
402,360.0,373.0,453.0,482.0,492.0,531.0,520.0,554.0,581.0,
403,1691.0,2036.0,2026.0,2121.0,2337.0,2554.0,2748.0,2897.0,3134.0,
404,98.0,183.0,364.0,442.0,597.0,728.0,870.0,1035.0,1225.0,
405,372.0,431.0,507.0,611.0,678.0,735.0,785.0,835.0,887.0,
406,44.0,45.0,46.0,50.0,52.0,54.0,55.0,57.0,59.0,
407,16.0,20.0,29.0,25.0,28.0,31.0,30.0,30.0,34.0,
408,64.0,79.0,94.0,116.0,130.0,145.0,164.0,181.0,198.0,
409,459.0,196.0,560.0,838.0,965.0,1049.0,1194.0,1260.0,1304.0,
410,749.0,1091.0,1374.0,1651.0,1716.0,1632.0,1849.0,1723.0,2011.0,
411,613.0,699.0,769.0,823.0,843.0,859.0,857.0,913.0,932.0,
412,122.0,168.0,198.0,229.0,240.0,264.0,294.0,320.0,360.0,
413,378.0,512.0,621.0,702.0,764.0,799.0,838.0,874.0,882.0,
414,189.0,209.0,222.0,240.0,259.0,275.0,290.0,307.0,328.0,
415,525.0,516.0,527.0,598.0,619.0,641.0,664.0,685.0,712.0,
416,37.0,39.0,44.0,47.0,49.0,49.0,54.0,56.0,60.0,
417,20.0,26.0,6.0,20.0,44.0,65.0,79.0,92.0,76.0,
418,20.0,24.0,27.0,32.0,35.0,38.0,40.0,44.0,46.0,
419,192.0,227.0,261.0,297.0,315.0,334.0,348.0,361.0,377.0,
420,176.0,157.0,117.0,144.0,162.0,160.0,162.0,171.0,160.0,
421,1.0,2.0,5.0,10.0,11.0,12.0,14.0,15.0,16.0,
422,27.0,18.0,18.0,22.0,20.0,22.0,25.0,26.0,26.0,
423,218.0,385.0,249.0,344.0,392.0,357.0,414.0,430.0,440.0,
424,1986.0,2388.0,2816.0,3387.0,3629.0,3806.0,4031.0,4304.0,4719.0,
425,12.0,28.0,23.0,32.0,26.0,31.0,29.0,37.0,35.0,
426,17.0,17.0,18.0,28.0,28.0,29.0,30.0,30.0,32.0,
427,1509.0,1575.0,1235.0,1760.0,1892.0,2067.0,2231.0,2390.0,2541.0,
428,55.0,56.0,58.0,59.0,60.0,61.0,63.0,64.0,65.0,
429,131.0,136.0,175.0,206.0,213.0,226.0,238.0,250.0,266.0,
430,8.0,9.0,9.0,9.0,10.0,10.0,10.0,11.0,11.0,
431,260.0,315.0,411.0,570.0,727.0,857.0,992.0,1078.0,1187.0,
432,5.0,5.0,4.0,5.0,5.0,5.0,5.0,5.0,5.0,
433,5213.0,5077.0,5073.0,5570.0,5881.0,6136.0,6191.0,6338.0,6373.0,
434,352.0,366.0,404.0,411.0,424.0,450.0,461.0,472.0,483.0,
435,19.0,30.0,39.0,45.0,49.0,55.0,60.0,61.0,62.0,
436,5330.0,5447.0,5081.0,5517.0,5574.0,5439.0,5814.0,6316.0,6633.0,
437,189.0,228.0,240.0,315.0,347.0,364.0,391.0,414.0,433.0,
438,11.0,11.0,11.0,12.0,12.0,12.0,12.0,13.0,13.0,
439,518.0,464.0,480.0,481.0,479.0,493.0,508.0,520.0,540.0,
440,8920.0,10249.0,12415.0,13555.0,14686.0,16044.0,16947.0,18326.0,20079.0,
441,485.0,466.0,459.0,504.0,514.0,521.0,560.0,572.0,606.0,
442,46.0,53.0,64.0,72.0,74.0,76.0,79.0,82.0,85.0,
443,202.0,214.0,242.0,245.0,257.0,274.0,284.0,302.0,322.0,
444,309.0,649.0,369.0,727.0,750.0,720.0,776.0,729.0,812.0,
445,432.0,383.0,377.0,423.0,419.0,436.0,457.0,465.0,471.0,
446,454.0,480.0,441.0,484.0,487.0,499.0,509.0,544.0,558.0,
447,4682.0,4675.0,4737.0,4716.0,4797.0,4893.0,5048.0,5239.0,5351.0,
448,360.0,370.0,387.0,394.0,402.0,411.0,419.0,428.0,447.0,
449,6.0,7.0,7.0,8.0,10.0,9.0,10.0,6.0,10.0,
450,222.0,280.0,409.0,489.0,499.0,553.0,580.0,618.0,665.0,
451,5.0,5.0,9.0,7.0,8.0,9.0,8.0,9.0,3.0,
452,115.0,158.0,195.0,234.0,245.0,257.0,269.0,281.0,291.0,
453,14133.0,17156.0,21373.0,26625.0,29301.0,32124.0,35487.0,38833.0,42304.0,
454,787.0,692.0,636.0,877.0,817.0,878.0,916.0,875.0,983.0,
455,20.0,19.0,21.0,22.0,23.0,25.0,24.0,25.0,26.0,
456,29.0,58.0,54.0,45.0,40.0,56.0,68.0,72.0,36.0,
457,1.0,1.0,1.0,1.0,1.0,1.0,1.0,1.0,1.0,
458,262.0,337.0,400.0,411.0,418.0,444.0,466.0,433.0,480.0,
459,202.0,195.0,249.0,274.0,265.0,261.0,312.0,348.0,357.0,
460,18.0,65.0,77.0,64.0,73.0,73.0,73.0,81.0,82.0,
461,41.0,50.0,62.0,84.0,106.0,137.0,171.0,206.0,247.0,
462,31.0,33.0,64.0,72.0,89.0,90.0,86.0,102.0,117.0,
463,13.0,13.0,18.0,18.0,18.0,19.0,20.0,20.0,20.0,
464,566.0,703.0,823.0,940.0,1002.0,1129.0,1175.0,1264.0,1388.0,
465,84.0,112.0,102.0,114.0,119.0,133.0,134.0,138.0,158.0,
466,320.0,358.0,459.0,487.0,504.0,530.0,528.0,550.0,576.0,
467,641.0,707.0,748.0,883.0,917.0,968.0,1020.0,1091.0,1139.0,
468,1314.0,1392.0,1480.0,1566.0,1610.0,1637.0,1665.0,1780.0,1837.0,
469,45.0,51.0,50.0,52.0,53.0,53.0,53.0,57.0,58.0,
470,9.0,9.0,9.0,9.0,10.0,10.0,11.0,11.0,11.0,
471,1050.0,1331.0,1571.0,1755.0,1793.0,1837.0,1918.0,1962.0,2004.0,
472,43.0,47.0,49.0,50.0,53.0,55.0,56.0,57.0,59.0,
473,336.0,428.0,443.0,514.0,554.0,590.0,644.0,695.0,750.0,
474,2011.0,2403.0,2817.0,3365.0,3738.0,4100.0,4445.0,4770.0,5050.0,
475,51.0,124.0,174.0,242.0,248.0,252.0,248.0,265.0,280.0,
476,3.0,3.0,6.0,8.0,9.0,10.0,10.0,12.0,13.0,
477,245.0,264.0,261.0,261.0,297.0,284.0,306.0,299.0,346.0,
478,128.0,155.0,173.0,189.0,204.0,213.0,224.0,238.0,249.0,
479,5.0,4.0,6.0,5.0,5.0,5.0,4.0,5.0,6.0,
480,1.0,2.0,3.0,3.0,4.0,4.0,4.0,5.0,5.0,
481,618.0,708.0,731.0,750.0,792.0,807.0,828.0,861.0,886.0,
482,490.0,517.0,551.0,535.0,555.0,583.0,586.0,600.0,607.0,
483,9.0,10.0,11.0,13.0,14.0,15.0,15.0,16.0,17.0,
484,792.0,846.0,629.0,480.0,474.0,492.0,514.0,531.0,555.0,
485,103.0,129.0,157.0,162.0,153.0,185.0,192.0,200.0,206.0,
486,35.0,39.0,44.0,52.0,57.0,61.0,65.0,70.0,75.0,
487,7.0,16.0,13.0,20.0,21.0,21.0,23.0,23.0,24.0,
488,100.0,92.0,95.0,105.0,105.0,110.0,114.0,116.0,119.0,
489,46.0,51.0,60.0,69.0,75.0,80.0,87.0,92.0,97.0,
490,10.0,9.0,12.0,17.0,19.0,20.0,21.0,25.0,25.0,
491,3246.0,2747.0,2874.0,2969.0,3005.0,3091.0,3126.0,3283.0,3355.0,
492,1456.0,1559.0,1889.0,2383.0,2895.0,3384.0,3862.0,4253.0,4605.0,
493,1632.0,1879.0,2102.0,2584.0,2951.0,3161.0,3389.0,3581.0,3782.0,
494,89.0,107.0,137.0,157.0,175.0,195.0,213.0,230.0,248.0,
495,187.0,216.0,232.0,284.0,291.0,297.0,325.0,337.0,351.0,
496,127.0,139.0,168.0,179.0,207.0,228.0,252.0,267.0,282.0,
497,122.0,168.0,193.0,225.0,240.0,248.0,259.0,269.0,279.0,
498,1276.0,1357.0,1439.0,1506.0,1568.0,1608.0,1640.0,1682.0,1731.0,
499,120.0,33.0,106.0,139.0,196.0,238.0,243.0,264.0,193.0,
500,580.0,629.0,744.0,875.0,947.0,1035.0,1115.0,1201.0,1246.0,
501,524.0,611.0,711.0,826.0,852.0,872.0,904.0,921.0,940.0,
502,304.0,311.0,384.0,474.0,507.0,535.0,573.0,604.0,644.0,
503,186.0,177.0,181.0,186.0,198.0,202.0,205.0,215.0,215.0,
504,14.0,14.0,15.0,16.0,17.0,17.0,17.0,18.0,19.0,
505,50.0,51.0,61.0,30.0,31.0,32.0,33.0,34.0,34.0,
506,1109.0,1213.0,1330.0,1513.0,1627.0,1715.0,1808.0,1917.0,2059.0,
507,112.0,166.0,206.0,247.0,258.0,271.0,270.0,285.0,289.0,
508,144.0,181.0,225.0,274.0,304.0,333.0,358.0,388.0,426.0,
509,159.0,160.0,162.0,166.0,175.0,179.0,185.0,190.0,194.0,
510,159.0,172.0,182.0,156.0,163.0,168.0,173.0,179.0,185.0,
511,100.0,117.0,131.0,137.0,139.0,152.0,180.0,172.0,210.0,
512,88.0,99.0,150.0,176.0,190.0,204.0,213.0,225.0,232.0,
513,194.0,216.0,170.0,207.0,202.0,206.0,204.0,225.0,228.0,
514,164.0,175.0,369.0,598.0,702.0,829.0,929.0,1021.0,1119.0,
515,14.0,18.0,23.0,30.0,33.0,36.0,40.0,43.0,46.0,
516,73.0,61.0,74.0,76.0,76.0,80.0,78.0,84.0,85.0,
517,173.0,108.0,105.0,156.0,139.0,145.0,162.0,181.0,188.0,
518,1.0,1.0,1.0,1.0,1.0,1.0,1.0,1.0,2.0,
519,42.0,59.0,98.0,121.0,128.0,134.0,140.0,146.0,152.0,
520,61.0,74.0,83.0,93.0,100.0,106.0,110.0,114.0,119.0,
521,323.0,388.0,401.0,387.0,415.0,416.0,437.0,446.0,463.0,
522,111.0,118.0,116.0,126.0,130.0,131.0,136.0,136.0,144.0,
523,14.0,14.0,15.0,15.0,16.0,16.0,16.0,17.0,17.0,
524,1320.0,1607.0,1889.0,2199.0,2452.0,2639.0,2846.0,3093.0,3419.0,
525,958.0,1072.0,1193.0,1269.0,1334.0,1404.0,1492.0,1549.0,1608.0,
526,45.0,57.0,64.0,78.0,85.0,88.0,96.0,104.0,117.0,
527,240.0,261.0,251.0,308.0,295.0,362.0,370.0,362.0,398.0,
528,56180.0,79235.0,115281.0,144053.0,165532.0,187526.0,209431.0,230090.0,252703.0,
529,118.0,103.0,102.0,121.0,120.0,126.0,140.0,145.0,152.0,
530,20.0,23.0,28.0,28.0,30.0,32.0,32.0,33.0,34.0,
531,1568.0,1832.0,2065.0,1412.0,1470.0,1509.0,1583.0,1653.0,1722.0,
532,340.0,375.0,446.0,503.0,531.0,570.0,603.0,641.0,676.0,
533,57.0,52.0,63.0,61.0,64.0,66.0,70.0,72.0,69.0,
534,2173.0,2114.0,2091.0,2210.0,2256.0,2314.0,2406.0,2499.0,2603.0,
535,75.0,92.0,111.0,142.0,153.0,153.0,171.0,176.0,180.0,
536,1.0,4.0,3.0,5.0,6.0,5.0,7.0,7.0,7.0,
537,1443.0,1606.0,1770.0,1886.0,2041.0,2168.0,2294.0,2530.0,2655.0,
538,2516.0,2561.0,2432.0,2607.0,2614.0,2693.0,2900.0,2967.0,3069.0,
539,1599.0,1727.0,1499.0,1672.0,1725.0,1718.0,1785.0,1818.0,1880.0,
540,1288.0,1305.0,1779.0,1928.0,1998.0,2167.0,2305.0,2501.0,2716.0,
541,1969.0,1992.0,1952.0,2001.0,2083.0,2179.0,2242.0,2234.0,2336.0,
542,571.0,609.0,754.0,861.0,898.0,932.0,967.0,1014.0,1037.0,
543,21.0,8.0,9.0,14.0,11.0,12.0,14.0,13.0,14.0,
544,1934.0,2248.0,2631.0,2685.0,2842.0,3043.0,3174.0,3398.0,3845.0,
545,1509.0,1499.0,1547.0,1619.0,1648.0,1682.0,1723.0,1771.0,1807.0,
546,318.0,316.0,321.0,338.0,345.0,350.0,360.0,353.0,373.0,
547,23.0,33.0,68.0,68.0,72.0,77.0,76.0,78.0,80.0,
548,2526.0,2845.0,3199.0,3067.0,3220.0,3377.0,3489.0,3597.0,3725.0,
549,84.0,97.0,109.0,115.0,124.0,133.0,146.0,157.0,170.0,
550,4.0,4.0,8.0,12.0,15.0,18.0,20.0,22.0,23.0,
551,25.0,27.0,29.0,31.0,35.0,36.0,37.0,37.0,39.0,
552,3824.0,3560.0,3612.0,3694.0,3774.0,3970.0,4109.0,4210.0,4338.0,
553,538.0,580.0,611.0,662.0,692.0,719.0,742.0,809.0,829.0,
554,994.0,933.0,1053.0,1115.0,1168.0,1249.0,1305.0,1366.0,1405.0,
555,244.0,259.0,309.0,351.0,373.0,410.0,439.0,475.0,513.0,
556,89.0,103.0,98.0,96.0,106.0,102.0,121.0,123.0,127.0,
557,43.0,70.0,76.0,81.0,85.0,91.0,92.0,96.0,100.0,
558,1180.0,1499.0,1965.0,2434.0,2456.0,2545.0,2668.0,2718.0,2784.0,
559,276.0,326.0,380.0,441.0,479.0,500.0,530.0,565.0,610.0,
560,29.0,119.0,157.0,161.0,182.0,170.0,154.0,188.0,180.0,
561,24.0,38.0,252.0,301.0,364.0,431.0,454.0,481.0,509.0,
562,225.0,241.0,272.0,332.0,351.0,384.0,411.0,436.0,457.0,
563,74.0,95.0,103.0,106.0,112.0,116.0,119.0,122.0,124.0,
564,531.0,595.0,603.0,672.0,683.0,710.0,735.0,749.0,800.0,
565,96.0,151.0,154.0,131.0,150.0,150.0,153.0,163.0,170.0,
566,160.0,186.0,183.0,215.0,225.0,232.0,252.0,268.0,286.0,
567,29.0,30.0,28.0,32.0,35.0,35.0,37.0,37.0,39.0,
568,930.0,1080.0,1240.0,1408.0,1491.0,1580.0,1695.0,1794.0,1948.0,
569,41.0,59.0,80.0,97.0,110.0,108.0,115.0,130.0,132.0,
570,97.0,106.0,109.0,116.0,122.0,128.0,132.0,141.0,145.0,
571,9.0,20.0,31.0,50.0,54.0,56.0,57.0,65.0,68.0,
572,81.0,94.0,140.0,147.0,177.0,201.0,219.0,234.0,247.0,
573,112.0,140.0,168.0,147.0,153.0,167.0,174.0,188.0,200.0,
574,1480.0,785.0,696.0,999.0,1124.0,1250.0,1405.0,1646.0,1839.0,
575,1525.0,1958.0,2420.0,3287.0,3460.0,3669.0,3889.0,4148.0,4378.0,
576,243.0,232.0,283.0,347.0,357.0,371.0,384.0,395.0,410.0,
577,863.0,1402.0,823.0,1504.0,1619.0,1669.0,1972.0,2159.0,2263.0,
578,1187.0,1548.0,1892.0,2704.0,2952.0,3226.0,3669.0,4036.0,4516.0,
579,198.0,168.0,199.0,284.0,276.0,272.0,306.0,307.0,314.0,
580,177.0,186.0,212.0,271.0,266.0,273.0,281.0,262.0,283.0,
581,3203.0,3169.0,3183.0,3469.0,3513.0,3580.0,3756.0,3831.0,3988.0,
582,78.0,83.0,83.0,87.0,94.0,96.0,97.0,107.0,109.0,
583,175.0,213.0,273.0,324.0,363.0,385.0,425.0,452.0,466.0,
584,181.0,203.0,200.0,232.0,250.0,255.0,272.0,278.0,278.0,
585,327.0,363.0,320.0,333.0,347.0,353.0,363.0,365.0,374.0,
586,2.0,14.0,19.0,20.0,22.0,28.0,24.0,25.0,27.0,
587,967.0,1150.0,1290.0,1512.0,1557.0,1606.0,1643.0,1722.0,1795.0,
588,161.0,355.0,621.0,737.0,811.0,848.0,848.0,864.0,896.0,
589,401.0,429.0,436.0,494.0,497.0,537.0,574.0,625.0,631.0,
590,127.0,146.0,181.0,231.0,240.0,250.0,262.0,273.0,294.0,
591,6.0,7.0,10.0,13.0,13.0,14.0,15.0,16.0,17.0,
592,8425.0,14591.0,22794.0,37291.0,48810.0,61976.0,77603.0,92669.0,108282.0,
593,141.0,182.0,194.0,264.0,270.0,283.0,279.0,323.0,324.0,
594,98.0,50.0,62.0,71.0,86.0,91.0,102.0,108.0,114.0,
595,340.0,353.0,399.0,431.0,454.0,489.0,532.0,532.0,574.0,
596,125.0,100.0,128.0,132.0,132.0,125.0,135.0,155.0,160.0,
597,2673.0,2879.0,3347.0,3763.0,4034.0,4425.0,4767.0,5078.0,5505.0,
598,294.0,940.0,624.0,1243.0,1449.0,1597.0,1878.0,2008.0,2099.0,
599,2.0,2.0,2.0,2.0,2.0,2.0,2.0,2.0,2.0,
600,3.0,3.0,3.0,3.0,3.0,3.0,3.0,3.0,3.0,
601,9.0,5.0,5.0,6.0,7.0,7.0,9.0,7.0,7.0,
602,121.0,135.0,143.0,168.0,180.0,184.0,197.0,216.0,233.0,
603,6.0,6.0,13.0,14.0,14.0,18.0,18.0,19.0,25.0,
604,1.0,1.0,1.0,1.0,1.0,1.0,1.0,1.0,1.0,
605,2236.0,2509.0,2609.0,2764.0,3019.0,3221.0,3324.0,3650.0,3740.0,
606,23279.0,23552.0,24012.0,29968.0,33711.0,35189.0,36451.0,41659.0,42873.0,
607,4.0,11.0,15.0,13.0,14.0,14.0,14.0,15.0,15.0,
608,499.0,521.0,552.0,587.0,623.0,655.0,690.0,721.0,754.0,
609,526.0,524.0,563.0,596.0,611.0,650.0,676.0,694.0,732.0,
610,2922.0,3068.0,4208.0,5341.0,5828.0,6148.0,6626.0,7026.0,7532.0,
611,35.0,40.0,44.0,53.0,54.0,59.0,61.0,68.0,72.0,
612,275.0,358.0,438.0,533.0,547.0,548.0,576.0,596.0,619.0,
613,70.0,60.0,64.0,84.0,85.0,87.0,94.0,98.0,102.0,
614,92.0,189.0,339.0,379.0,365.0,469.0,412.0,451.0,504.0,
615,0.0,0.0,1.0,0.0,0.0,0.0,0.0,0.0,1.0,
616,117.0,55.0,101.0,101.0,103.0,106.0,109.0,114.0,119.0,
617,1112.0,1098.0,1031.0,1103.0,1165.0,1281.0,1425.0,1583.0,1873.0,
618,569.0,723.0,891.0,1013.0,1066.0,1072.0,1099.0,1178.0,1250.0,
619,9.0,7.0,10.0,11.0,11.0,12.0,12.0,13.0,13.0,
620,473.0,502.0,488.0,541.0,545.0,580.0,597.0,594.0,608.0,
621,3557.0,3462.0,3650.0,3747.0,3912.0,4030.0,4262.0,4515.0,4612.0,
622,1412.0,1457.0,1403.0,1301.0,1286.0,1345.0,1388.0,1442.0,1499.0,
623,53.0,26.0,64.0,34.0,53.0,62.0,60.0,60.0,51.0,
624,1.0,1.0,2.0,3.0,2.0,3.0,3.0,3.0,3.0,
625,2955.0,2686.0,2793.0,2676.0,2737.0,2804.0,2872.0,2941.0,3004.0,
626,117.0,146.0,206.0,234.0,264.0,281.0,301.0,320.0,333.0,
627,41.0,26.0,84.0,126.0,239.0,327.0,429.0,545.0,663.0,
628,281.0,328.0,375.0,440.0,484.0,534.0,571.0,604.0,640.0,
629,56.0,69.0,48.0,80.0,79.0,78.0,83.0,84.0,87.0,
630,134.0,132.0,160.0,178.0,190.0,204.0,218.0,231.0,243.0,
631,53.0,63.0,77.0,88.0,99.0,109.0,121.0,133.0,145.0,
632,8450.0,8886.0,8980.0,9393.0,9749.0,10055.0,10340.0,10811.0,11260.0,
633,25.0,22.0,32.0,28.0,29.0,31.0,32.0,33.0,34.0,
634,225.0,279.0,332.0,376.0,358.0,389.0,411.0,411.0,438.0,
635,42.0,89.0,141.0,205.0,211.0,233.0,280.0,281.0,313.0,
636,11259.0,11806.0,12485.0,13870.0,14472.0,14978.0,15671.0,16432.0,17384.0,
637,30.0,29.0,45.0,54.0,54.0,61.0,65.0,68.0,70.0,
638,8685.0,9723.0,11287.0,13383.0,14636.0,15836.0,17181.0,18366.0,19683.0,
639,289.0,278.0,280.0,301.0,292.0,321.0,330.0,336.0,343.0,
640,214.0,316.0,355.0,411.0,403.0,433.0,514.0,539.0,568.0,
641,601.0,761.0,1038.0,1330.0,1543.0,1752.0,1937.0,2138.0,2314.0,
642,2153.0,2177.0,2404.0,2599.0,2724.0,2974.0,3138.0,3311.0,3797.0,
643,5.0,5.0,6.0,6.0,6.0,6.0,6.0,6.0,6.0,
644,55.0,57.0,61.0,64.0,65.0,68.0,72.0,74.0,76.0,
645,15.0,17.0,21.0,25.0,26.0,28.0,30.0,31.0,33.0,
646,312.0,308.0,370.0,400.0,432.0,460.0,485.0,518.0,576.0,
647,101.0,107.0,76.0,105.0,116.0,110.0,128.0,124.0,126.0,
648,0.0,0.0,0.0,0.0,0.0,0.0,0.0,0.0,0.0,
649,385.0,485.0,630.0,765.0,903.0,1040.0,1164.0,1281.0,1385.0,
650,51.0,76.0,113.0,136.0,164.0,196.0,219.0,256.0,284.0,
651,694.0,641.0,791.0,790.0,840.0,870.0,913.0,963.0,973.0,
652,138.0,154.0,157.0,154.0,166.0,174.0,173.0,197.0,196.0,
653,122.0,121.0,124.0,131.0,134.0,139.0,143.0,148.0,154.0,
654,752.0,1311.0,1971.0,2753.0,3060.0,3300.0,3555.0,3821.0,4087.0,
655,173.0,256.0,270.0,305.0,317.0,307.0,334.0,353.0,365.0,
656,14.0,23.0,41.0,52.0,85.0,106.0,132.0,159.0,183.0,
657,4.0,2.0,5.0,5.0,4.0,5.0,5.0,5.0,6.0,
658,25.0,31.0,32.0,45.0,48.0,47.0,53.0,59.0,62.0,
659,615.0,818.0,1128.0,1347.0,1415.0,1496.0,1567.0,1660.0,1741.0,
660,763.0,878.0,1161.0,1423.0,1615.0,1824.0,1958.0,2205.0,2434.0,
661,448.0,490.0,705.0,825.0,913.0,1025.0,1104.0,1204.0,1313.0,
662,1660.0,1650.0,1745.0,1765.0,1808.0,1886.0,1945.0,1990.0,2037.0,
663,61.0,52.0,57.0,69.0,70.0,72.0,74.0,76.0,78.0,
664,202.0,210.0,249.0,275.0,280.0,289.0,300.0,317.0,331.0,
665,1.0,2.0,5.0,5.0,4.0,7.0,6.0,7.0,7.0,
666,1.0,1.0,1.0,1.0,1.0,1.0,1.0,1.0,2.0,
667,11.0,14.0,16.0,20.0,23.0,25.0,28.0,30.0,31.0,
668,49.0,74.0,116.0,130.0,149.0,168.0,187.0,205.0,223.0,
669,266.0,156.0,191.0,210.0,191.0,203.0,210.0,195.0,214.0,
670,5.0,5.0,5.0,6.0,6.0,6.0,6.0,7.0,7.0,
671,472.0,512.0,495.0,517.0,543.0,552.0,568.0,578.0,599.0,
672,2.0,3.0,4.0,5.0,6.0,6.0,6.0,7.0,7.0,
673,9.0,9.0,9.0,9.0,10.0,10.0,10.0,11.0,11.0,
674,1917.0,1733.0,1937.0,1892.0,1988.0,2072.0,2098.0,2152.0,2206.0,
675,1.0,3.0,6.0,8.0,10.0,13.0,14.0,16.0,19.0,
676,124.0,131.0,141.0,146.0,153.0,159.0,162.0,166.0,173.0,
677,8.0,7.0,10.0,9.0,9.0,9.0,10.0,10.0,10.0,
678,91.0,112.0,147.0,181.0,187.0,200.0,216.0,247.0,255.0,
679,174.0,190.0,226.0,191.0,207.0,207.0,176.0,227.0,249.0,
680,468.0,392.0,408.0,485.0,519.0,522.0,473.0,469.0,566.0,
681,520.0,556.0,600.0,661.0,721.0,781.0,830.0,894.0,949.0,
682,3267.0,3533.0,3908.0,4345.0,4565.0,4915.0,5351.0,5495.0,5613.0,
683,1.0,2.0,2.0,2.0,2.0,2.0,2.0,2.0,2.0,
684,1860.0,1801.0,1465.0,1962.0,1986.0,2688.0,2449.0,3119.0,3275.0,
685,118.0,335.0,558.0,754.0,799.0,830.0,851.0,874.0,891.0,
686,290.0,355.0,498.0,602.0,678.0,801.0,934.0,1088.0,1274.0,
687,1913.0,1873.0,2143.0,2080.0,2166.0,2236.0,2304.0,2415.0,2513.0,
688,87.0,118.0,159.0,205.0,217.0,228.0,239.0,248.0,257.0,
689,17.0,17.0,12.0,20.0,20.0,19.0,21.0,21.0,22.0,
690,82.0,81.0,87.0,127.0,134.0,142.0,155.0,158.0,162.0,
691,52.0,58.0,73.0,94.0,105.0,121.0,138.0,156.0,177.0,
692,632.0,771.0,939.0,1089.0,1130.0,1142.0,1263.0,1179.0,1417.0,
693,504.0,499.0,544.0,548.0,561.0,580.0,593.0,604.0,617.0,
694,201.0,234.0,270.0,304.0,315.0,331.0,342.0,352.0,368.0,
695,257.0,249.0,261.0,278.0,281.0,294.0,299.0,307.0,317.0,
696,147.0,173.0,199.0,235.0,263.0,274.0,302.0,343.0,365.0,
697,79.0,96.0,125.0,165.0,189.0,210.0,234.0,259.0,278.0,
698,19.0,35.0,47.0,53.0,60.0,65.0,69.0,76.0,83.0,
699,6.0,5.0,8.0,9.0,7.0,7.0,11.0,9.0,9.0,
700,166.0,182.0,159.0,199.0,223.0,255.0,274.0,271.0,314.0,
701,949.0,1011.0,1101.0,1180.0,1229.0,1275.0,1338.0,1427.0,1528.0,
702,22.0,18.0,22.0,24.0,25.0,29.0,35.0,34.0,37.0,
703,612.0,614.0,646.0,714.0,726.0,738.0,760.0,783.0,806.0,
704,2016.0,1958.0,1750.0,2196.0,2078.0,2154.0,2178.0,2228.0,2472.0,
705,135.0,91.0,105.0,131.0,130.0,135.0,138.0,144.0,148.0,
706,139.0,178.0,200.0,175.0,191.0,204.0,206.0,213.0,215.0,
707,197.0,222.0,312.0,342.0,394.0,444.0,486.0,533.0,601.0,
708,1104.0,1255.0,1402.0,1604.0,1748.0,1860.0,2064.0,2234.0,2373.0,
709,721.0,697.0,707.0,792.0,824.0,839.0,863.0,903.0,916.0,
710,2138.0,2227.0,2340.0,2467.0,2529.0,2625.0,2717.0,2818.0,2917.0,
711,21.0,21.0,25.0,25.0,26.0,27.0,31.0,32.0,35.0,
712,110.0,158.0,193.0,260.0,284.0,309.0,342.0,392.0,419.0,
713,34.0,66.0,28.0,42.0,48.0,57.0,56.0,59.0,65.0,
714,343.0,329.0,338.0,355.0,357.0,361.0,378.0,388.0,393.0,
715,6918.0,8264.0,9383.0,10302.0,10895.0,11335.0,12081.0,12612.0,13254.0,
716,284.0,306.0,407.0,409.0,435.0,480.0,478.0,573.0,529.0,
717,7014.0,8065.0,8995.0,10108.0,10874.0,11541.0,12355.0,13323.0,14444.0,
718,143.0,331.0,465.0,626.0,751.0,845.0,941.0,1055.0,1185.0,
719,597.0,612.0,661.0,689.0,746.0,805.0,853.0,904.0,969.0,
720,219.0,243.0,297.0,381.0,393.0,395.0,409.0,412.0,427.0,
721,48.0,64.0,94.0,135.0,148.0,172.0,194.0,220.0,254.0,
722,181.0,146.0,158.0,170.0,171.0,178.0,181.0,187.0,191.0,
723,8563.0,8916.0,9407.0,9838.0,10459.0,11301.0,11678.0,12099.0,12881.0,
724,5.0,6.0,9.0,10.0,13.0,15.0,18.0,20.0,22.0,
725,289.0,321.0,312.0,327.0,337.0,342.0,351.0,359.0,366.0,
726,11.0,16.0,32.0,39.0,49.0,58.0,65.0,73.0,81.0,
727,18725.0,17591.0,15430.0,17494.0,17654.0,17627.0,18373.0,18661.0,18961.0,
728,376.0,392.0,419.0,441.0,457.0,467.0,477.0,485.0,501.0,
729,432.0,277.0,414.0,546.0,584.0,614.0,651.0,723.0,712.0,
730,11.0,12.0,13.0,13.0,14.0,14.0,15.0,15.0,15.0,
731,904.0,980.0,1006.0,1101.0,1161.0,1213.0,1324.0,1380.0,1468.0,
732,23.0,31.0,37.0,38.0,47.0,47.0,54.0,57.0,60.0,
733,117.0,180.0,169.0,212.0,233.0,243.0,251.0,247.0,257.0,
734,3785.0,3973.0,4187.0,4549.0,4729.0,4990.0,5261.0,5576.0,5837.0,
735,1156.0,1223.0,1322.0,1456.0,1529.0,1614.0,1758.0,1860.0,1956.0,
736,299.0,328.0,325.0,346.0,348.0,363.0,374.0,377.0,395.0,
737,1280.0,1488.0,1611.0,1899.0,2034.0,2169.0,2254.0,2459.0,2616.0,
738,96.0,134.0,181.0,114.0,165.0,153.0,172.0,150.0,196.0,
739,2021.0,2028.0,1603.0,2711.0,2694.0,2609.0,2776.0,2824.0,2851.0,
740,267.0,373.0,755.0,1116.0,1546.0,1939.0,2391.0,2821.0,3272.0,
741,1955.0,2372.0,2924.0,3300.0,3599.0,4079.0,4280.0,4654.0,4635.0,
742,100.0,103.0,132.0,155.0,164.0,173.0,176.0,191.0,205.0,
743,37.0,70.0,88.0,83.0,89.0,94.0,89.0,87.0,101.0,
744,154.0,184.0,210.0,235.0,241.0,248.0,253.0,259.0,264.0,
745,0.0,8.0,14.0,8.0,7.0,11.0,10.0,12.0,10.0,
746,1.0,2.0,2.0,2.0,2.0,2.0,2.0,2.0,3.0,
747,812.0,826.0,997.0,1195.0,1244.0,1309.0,1366.0,1431.0,1486.0,
748,1.0,1.0,2.0,2.0,2.0,2.0,2.0,3.0,3.0,
749,184.0,201.0,242.0,290.0,334.0,366.0,399.0,428.0,459.0,
750,10702.0,11170.0,11381.0,11640.0,12153.0,12766.0,13036.0,13311.0,13761.0,
751,658.0,597.0,700.0,718.0,758.0,791.0,815.0,840.0,890.0,
752,1.0,8.0,18.0,31.0,35.0,40.0,44.0,49.0,54.0,
753,6572.0,6548.0,6729.0,7370.0,7360.0,7525.0,7964.0,8131.0,8498.0,
754,334.0,338.0,385.0,224.0,227.0,233.0,240.0,245.0,246.0,
755,196.0,207.0,276.0,302.0,304.0,338.0,340.0,373.0,394.0,
756,8.0,13.0,24.0,27.0,31.0,35.0,36.0,39.0,42.0,
757,463.0,479.0,518.0,564.0,589.0,610.0,641.0,677.0,719.0,
758,133.0,162.0,196.0,187.0,219.0,250.0,257.0,266.0,258.0,
759,758.0,868.0,1092.0,1193.0,1253.0,1329.0,1370.0,1427.0,1511.0,
760,668.0,641.0,860.0,992.0,982.0,997.0,1053.0,1072.0,1096.0,
761,245.0,201.0,437.0,461.0,539.0,595.0,609.0,619.0,711.0,
762,1459.0,2383.0,1902.0,2102.0,2334.0,2060.0,2381.0,2462.0,2485.0,
763,5049.0,6552.0,7235.0,9607.0,10058.0,10117.0,10461.0,10872.0,11379.0,
764,427.0,482.0,544.0,575.0,610.0,652.0,701.0,734.0,791.0,
765,214.0,407.0,505.0,624.0,727.0,792.0,867.0,950.0,1048.0,
766,2.0,2.0,2.0,2.0,2.0,2.0,2.0,2.0,2.0,
767,26.0,23.0,35.0,48.0,52.0,58.0,61.0,63.0,68.0,
768,1058.0,1073.0,1405.0,1958.0,2078.0,2230.0,2384.0,2496.0,2628.0,
769,772.0,706.0,771.0,802.0,836.0,866.0,892.0,936.0,989.0,
770,22.0,27.0,38.0,41.0,43.0,45.0,49.0,52.0,54.0,
0,,,,,,,,,,-1263659.683057362
1,,,,,,,,,,-1899.4470801335153
2,,,,,,,,,,-2359.8137070586263
3,,,,,,,,,,-283.2206977263161
4,,,,,,,,,,-55549.88003594754
5,,,,,,,,,,-5897.439153918675
6,,,,,,,,,,7039.523657809605
7,,,,,,,,,,-1012.1088253533161
8,,,,,,,,,,3443.9758016455858
9,,,,,,,,,,-3305.9009780089696
10,,,,,,,,,,-2762.773126842057
11,,,,,,,,,,-323.076308500525
12,,,,,,,,,,-2624.83679949274
13,,,,,,,,,,-1559.2324281972014
14,,,,,,,,,,-13376.092623790999
15,,,,,,,,,,-28813.259789851872
16,,,,,,,,,,517.8428319278528
17,,,,,,,,,,-1457.7639936012033
18,,,,,,,,,,-3218.396321171962
19,,,,,,,,,,-4801.576348770086
20,,,,,,,,,,-4043.1521949111852
21,,,,,,,,,,-7930.327768220973
22,,,,,,,,,,-394.4898368577992
23,,,,,,,,,,-589.8278076229996
24,,,,,,,,,,-1742.0916519856553
25,,,,,,,,,,-611.1026328979411
26,,,,,,,,,,-37327.87661960417
27,,,,,,,,,,-5736.589548052336
28,,,,,,,,,,-766.6212028508348
29,,,,,,,,,,-4806.780545017875
30,,,,,,,,,,-13596.71123640173
31,,,,,,,,,,-80436.57901459133
32,,,,,,,,,,-19047.326418622783
33,,,,,,,,,,-318.3787564421011
34,,,,,,,,,,-3208.6847902331283
35,,,,,,,,,,-110142.1260617238
36,,,,,,,,,,-4494.41600643633
37,,,,,,,,,,-282.5342279276715
38,,,,,,,,,,-22672.18415586051
39,,,,,,,,,,-907.2165669649476
40,,,,,,,,,,-5540.685036353047
41,,,,,,,,,,-5758.007287328959
42,,,,,,,,,,-1627.2158204015177
43,,,,,,,,,,-26063.27902530042
44,,,,,,,,,,-6874.068309262317
45,,,,,,,,,,285.92668165762
46,,,,,,,,,,-328.9822766287342
47,,,,,,,,,,-561.1427399418378
48,,,,,,,,,,-1112.1581394514685
49,,,,,,,,,,-13.783636243164523
50,,,,,,,,,,-4986.426055902398
51,,,,,,,,,,-606.5122322113534
52,,,,,,,,,,-15335.707893653702
53,,,,,,,,,,-1515.4678030514383
54,,,,,,,,,,-101.35775610255435
55,,,,,,,,,,821.5880072721415
56,,,,,,,,,,553.7301433180764
57,,,,,,,,,,-639.7226795878427
58,,,,,,,,,,-1172.9168564254821
59,,,,,,,,,,-6089.305883571858
60,,,,,,,,,,1573.9545826376768
61,,,,,,,,,,-174.85514836209117
62,,,,,,,,,,-1011.0931559735272
63,,,,,,,,,,-662.8212724231454
64,,,,,,,,,,-98.63631047835122
65,,,,,,,,,,-458.0426080053455
66,,,,,,,,,,-1123.806104026513
67,,,,,,,,,,-1105.9829499636528
68,,,,,,,,,,-524.4859089856354
69,,,,,,,,,,15823.102795191418
70,,,,,,,,,,-919.0680450371444
71,,,,,,,,,,-6985.432404133288
72,,,,,,,,,,-2622.1492387769736
73,,,,,,,,,,3395.705091216823
74,,,,,,,,,,-116.79908825586918
75,,,,,,,,,,-45547.40612906027
76,,,,,,,,,,-1030.8493023889341
77,,,,,,,,,,-110.5575101351915
78,,,,,,,,,,-10535.58734145089
79,,,,,,,,,,-1071.405859719357
80,,,,,,,,,,-4419.66066292373
81,,,,,,,,,,-38.90425106272963
82,,,,,,,,,,408.36230704723766
83,,,,,,,,,,-7463.492244911981
84,,,,,,,,,,210.83983144432426
85,,,,,,,,,,-7771.5223668048375
86,,,,,,,,,,-454.90100564100794
87,,,,,,,,,,-138376.51493140508
88,,,,,,,,,,-56.50859627993934
89,,,,,,,,,,-6166.432204734638
90,,,,,,,,,,-10841.66288087439
91,,,,,,,,,,-16037.388404249057
92,,,,,,,,,,-12587.600620574007
93,,,,,,,,,,-5184.3379132549
94,,,,,,,,,,-2838.795652817852
95,,,,,,,,,,-4120.697043539107
96,,,,,,,,,,-8038.45911774448
97,,,,,,,,,,-1988.5857548816693
98,,,,,,,,,,-2434.0740369246596
99,,,,,,,,,,-1209.3125725702148
100,,,,,,,,,,-88396.22952746246
101,,,,,,,,,,-24.13016306444729
102,,,,,,,,,,-2649.034314332843
103,,,,,,,,,,-587.1529009200337
104,,,,,,,,,,-7963.976286281845
105,,,,,,,,,,-4777.934962182268
106,,,,,,,,,,-619.4056696301277
107,,,,,,,,,,-4306.5974377328475
108,,,,,,,,,,-2395.251211294004
109,,,,,,,,,,-332.85647111168544
110,,,,,,,,,,-462.8995460631333
111,,,,,,,,,,-2540.454326114107
112,,,,,,,,,,-14.090159247153004
113,,,,,,,,,,3.6780461205236463
114,,,,,,,,,,-38445.44616505984
115,,,,,,,,,,1024.7493641041194
116,,,,,,,,,,-13411.928687894386
117,,,,,,,,,,-92631.4940411775
118,,,,,,,,,,-131.2893991074019
119,,,,,,,,,,-13372.483682951079
120,,,,,,,,,,-2265.343688984416
121,,,,,,,,,,-412.49419600377473
122,,,,,,,,,,0.1666999764292445
123,,,,,,,,,,-9023.550395624876
124,,,,,,,,,,-1416.5944884289197
125,,,,,,,,,,-1039.5184152163206
126,,,,,,,,,,-2094.6058678486015
127,,,,,,,,,,-2448.852787859835
128,,,,,,,,,,-2230.4814429073267
129,,,,,,,,,,-473.0013114411269
130,,,,,,,,,,-11233.726090631648
131,,,,,,,,,,-10800.335444204944
132,,,,,,,,,,-3420.5227045433535
133,,,,,,,,,,-1934.1622811444333
134,,,,,,,,,,-5149.404402544044
135,,,,,,,,,,-162225.79629437148
136,,,,,,,,,,-651.6607618328932
137,,,,,,,,,,-206.9621227050808
138,,,,,,,,,,-14822.007359644875
139,,,,,,,,,,-1732.3692012612346
140,,,,,,,,,,-4213.322796307873
141,,,,,,,,,,-2852.032769916955
142,,,,,,,,,,-65.95829406423883
143,,,,,,,,,,-482.8235534449382
144,,,,,,,,,,-1057.2421733116305
145,,,,,,,,,,-11037.856621394114
146,,,,,,,,,,-1384.8009507113748
147,,,,,,,,,,-2990.6442905712865
148,,,,,,,,,,-9830.20822859002
149,,,,,,,,,,-897.0058598462247
150,,,,,,,,,,-13457.703009043598
151,,,,,,,,,,-2449.1078545682312
152,,,,,,,,,,22.669259057396097
153,,,,,,,,,,-30.608828332225443
154,,,,,,,,,,-86806.11814160785
155,,,,,,,,,,-2108.596316545389
156,,,,,,,,,,-2225.201255422645
157,,,,,,,,,,-46.78557298215463
158,,,,,,,,,,-855.0462557731365
159,,,,,,,,,,-798.477438744269
160,,,,,,,,,,-89.65756433954759
161,,,,,,,,,,-2850.429543135709
162,,,,,,,,,,-216.97186717048308
163,,,,,,,,,,-19701.06262274424
164,,,,,,,,,,-3569.223887535037
165,,,,,,,,,,-13286.662327935665
166,,,,,,,,,,89.28005340413719
167,,,,,,,,,,-2610.1512733697923
168,,,,,,,,,,-1445.4931856655621
169,,,,,,,,,,-2586.0905302021347
170,,,,,,,,,,-121.35285509065974
171,,,,,,,,,,-1855.2579755260965
172,,,,,,,,,,292.51371963711654
173,,,,,,,,,,-1214.013374153982
174,,,,,,,,,,-194197.17823974162
175,,,,,,,,,,-7032.536494919443
176,,,,,,,,,,269.8561537255821
177,,,,,,,,,,-177.98626484186957
178,,,,,,,,,,-11.780894859740279
179,,,,,,,,,,-425.7229183810009
180,,,,,,,,,,-10642.797722127449
181,,,,,,,,,,-461.12683973684193
182,,,,,,,,,,-630.4360108846076
183,,,,,,,,,,-6917.330409008929
184,,,,,,,,,,-2090.6292601777795
185,,,,,,,,,,-384.2652823475239
186,,,,,,,,,,493.5481441563375
187,,,,,,,,,,-1298.490246821737
188,,,,,,,,,,-97487.59130453739
189,,,,,,,,,,-322.9731552725028
190,,,,,,,,,,-452.29539184140134
191,,,,,,,,,,-25572.263828312396
192,,,,,,,,,,-4977.099404749985
193,,,,,,,,,,-129.96837760089966
194,,,,,,,,,,-487.9001382496789
195,,,,,,,,,,-2177.144654837892
196,,,,,,,,,,-50993.05660217881
197,,,,,,,,,,-299023.6458323676
198,,,,,,,,,,-19552.21836936702
199,,,,,,,,,,-1382.909111173091
200,,,,,,,,,,-83.67515206930568
201,,,,,,,,,,-148.54573987016084
202,,,,,,,,,,-4430.0165856780795
203,,,,,,,,,,-2225.909327020241
204,,,,,,,,,,-102.58498234571687
205,,,,,,,,,,-198.00798957690276
206,,,,,,,,,,-1017.0465322840104
207,,,,,,,,,,-16343.373235332414
208,,,,,,,,,,-16583.827855135514
209,,,,,,,,,,-4710.664569055309
210,,,,,,,,,,-18585.695142224533
211,,,,,,,,,,2320.3770668039156
212,,,,,,,,,,-3201.4480186760493
213,,,,,,,,,,-1328.1780442304716
214,,,,,,,,,,-1778.2182622015905
215,,,,,,,,,,1.9544906696604016
216,,,,,,,,,,-7502.548815796633
217,,,,,,,,,,-31671.007869891393
218,,,,,,,,,,-146.9111308475941
219,,,,,,,,,,-5931.402520084318
220,,,,,,,,,,-1528.5642357156994
221,,,,,,,,,,-263.13610217687096
222,,,,,,,,,,-1557.6088814569298
223,,,,,,,,,,-3084.877076601013
224,,,,,,,,,,-1563.5545986759469
225,,,,,,,,,,-1126.8884305614124
226,,,,,,,,,,-5131.102894848802
227,,,,,,,,,,-6656.981532320664
228,,,,,,,,,,-862.7806873989072
229,,,,,,,,,,-3575.864612960134
230,,,,,,,,,,-155.327360179707
231,,,,,,,,,,-3598.416172597763
232,,,,,,,,,,238.47484596657998
233,,,,,,,,,,-2672.338623201861
234,,,,,,,,,,-6437.451131254495
235,,,,,,,,,,-878.1337472846011
236,,,,,,,,,,-17086.860790352526
237,,,,,,,,,,-1400.8224860947516
238,,,,,,,,,,-292.1339128507181
239,,,,,,,,,,-842.2571608965827
240,,,,,,,,,,-201.50297751128375
241,,,,,,,,,,-2694.4203805198194
242,,,,,,,,,,-139766.1585759225
243,,,,,,,,,,-216.70447602915635
244,,,,,,,,,,-6543.5094559732715
245,,,,,,,,,,-40726.0446150468
246,,,,,,,,,,914.8009417604721
247,,,,,,,,,,-641.0355974771276
248,,,,,,,,,,-1817.9632477814803
249,,,,,,,,,,-6841.462218555895
250,,,,,,,,,,-3805.3664163856524
251,,,,,,,,,,-18611.502843286646
252,,,,,,,,,,-84.73487538896163
253,,,,,,,,,,-619.4227272090267
254,,,,,,,,,,-1483.6754961959762
255,,,,,,,,,,-55709.36442463198
256,,,,,,,,,,40.87446559999999
257,,,,,,,,,,-540.6336489328742
258,,,,,,,,,,-1161.0978154611364
259,,,,,,,,,,-7968.717757843548
260,,,,,,,,,,-12656.742470197587
261,,,,,,,,,,-1243.492863201895
262,,,,,,,,,,-1747.6070947582148
263,,,,,,,,,,-858.8581171867513
264,,,,,,,,,,-4688.044026826438
265,,,,,,,,,,-230.71780297121154
266,,,,,,,,,,-179.20736250470253
267,,,,,,,,,,-356989.6311941637
268,,,,,,,,,,-772.6164093699281
269,,,,,,,,,,10578.216460364963
270,,,,,,,,,,-5855.548961171233
271,,,,,,,,,,-14571.703068178544
272,,,,,,,,,,-142344.7924948748
273,,,,,,,,,,-464.2778570656626
274,,,,,,,,,,-890.0247921489815
275,,,,,,,,,,-8767.469773980174
276,,,,,,,,,,385.7772813203212
277,,,,,,,,,,-14389.43576493403
278,,,,,,,,,,-639.976906791509
279,,,,,,,,,,-115.72590530154218
280,,,,,,,,,,-8454.407982457666
281,,,,,,,,,,-12925.568104945538
282,,,,,,,,,,-750.1967019888364
283,,,,,,,,,,-1557.6432872618689
284,,,,,,,,,,-5975.9578695108685
285,,,,,,,,,,-1225.790065051138
286,,,,,,,,,,-29402.076653644846
287,,,,,,,,,,-8214.278640911827
288,,,,,,,,,,-4133.27047439155
289,,,,,,,,,,-13349.011786970315
290,,,,,,,,,,-121.0576534604619
291,,,,,,,,,,-5831.653191944208
292,,,,,,,,,,-15700.37789163145
293,,,,,,,,,,-87.76425873576314
294,,,,,,,,,,-70.7468833278403
295,,,,,,,,,,-4678.852080260561
296,,,,,,,,,,-3540.812460345493
297,,,,,,,,,,-5677.31004552828
298,,,,,,,,,,-2108.604066138547
299,,,,,,,,,,-83.70213053385251
300,,,,,,,,,,-428.5205519353948
301,,,,,,,,,,-16079.247486660448
302,,,,,,,,,,-7619.970785726673
303,,,,,,,,,,-425.3671661653214
304,,,,,,,,,,-841470.9666112862
305,,,,,,,,,,-11391.094030573484
306,,,,,,,,,,-2693.3621905308787
307,,,,,,,,,,-11427.718252228773
308,,,,,,,,,,-14969.0248201895
309,,,,,,,,,,-909.4678597430993
310,,,,,,,,,,-7266.116277445775
311,,,,,,,,,,-18263.458075656876
312,,,,,,,,,,-10227.361385407114
313,,,,,,,,,,-9080.789067023363
314,,,,,,,,,,-8463.804503133832
315,,,,,,,,,,534.7070130852472
316,,,,,,,,,,-7783.822524312616
317,,,,,,,,,,-7940.962538461
318,,,,,,,,,,20.982998578413444
319,,,,,,,,,,-8925.779655877861
320,,,,,,,,,,-1208.853818396125
321,,,,,,,,,,-13982.390969972097
322,,,,,,,,,,-5383.987991133352
323,,,,,,,,,,-7096.928261426036
324,,,,,,,,,,-22.527996220073717
325,,,,,,,,,,4177.432881210907
326,,,,,,,,,,-1651.2746085863419
327,,,,,,,,,,-28660.33002613298
328,,,,,,,,,,-2076.018064780911
329,,,,,,,,,,-55302.92818611258
330,,,,,,,,,,-2633.8016908246677
331,,,,,,,,,,57.0025598219896
332,,,,,,,,,,-4723.723894997748
333,,,,,,,,,,-2529.863576610428
334,,,,,,,,,,-540.7086907068724
335,,,,,,,,,,-9623.356017760407
336,,,,,,,,,,-3880.886938383664
337,,,,,,,,,,-3760.2041351677067
338,,,,,,,,,,-3443.1009485125733
339,,,,,,,,,,-513.6778591737503
340,,,,,,,,,,111.36411280791312
341,,,,,,,,,,-271.5065355201739
342,,,,,,,,,,-4067.736891751163
343,,,,,,,,,,-2841.640991506375
344,,,,,,,,,,-1260.3837206630255
345,,,,,,,,,,3919.041616605086
346,,,,,,,,,,-158.82221144107177
347,,,,,,,,,,-810.7486976179205
348,,,,,,,,,,-6249.744434405209
349,,,,,,,,,,-287.5569879439024
350,,,,,,,,,,-6767.973060959122
351,,,,,,,,,,-7673.949349383378
352,,,,,,,,,,-1050.411837105241
353,,,,,,,,,,-5777.450362810101
354,,,,,,,,,,-70.18308806552119
355,,,,,,,,,,-3889.901329094004
356,,,,,,,,,,-1475.8629141848282
357,,,,,,,,,,-7268.325433150829
358,,,,,,,,,,92.42888966292264
359,,,,,,,,,,-6422.883954739195
360,,,,,,,,,,573.594394315199
361,,,,,,,,,,9.697707698280546
362,,,,,,,,,,-824.1729857039979
363,,,,,,,,,,-781.8445199168324
364,,,,,,,,,,-101497.41593517254
365,,,,,,,,,,-232273.13943981286
366,,,,,,,,,,-56.36424818017156
367,,,,,,,,,,94.75622338429054
368,,,,,,,,,,-17.623917880353247
369,,,,,,,,,,-1621.2787465441447
370,,,,,,,,,,-523.5919118872629
371,,,,,,,,,,-1326.9363518967223
372,,,,,,,,,,-562.3039086940206
373,,,,,,,,,,-4284.52451509636
374,,,,,,,,,,-210.1302684781416
375,,,,,,,,,,-23330.934012121445
376,,,,,,,,,,-6028.602344266733
377,,,,,,,,,,-455.89219057278854
378,,,,,,,,,,-417.2805018465304
379,,,,,,,,,,-440.47301516151276
380,,,,,,,,,,-33100.078748287946
381,,,,,,,,,,-5289.843824924927
382,,,,,,,,,,-2079.16454943786
383,,,,,,,,,,-142.75370862642558
384,,,,,,,,,,-7684.600442432459
385,,,,,,,,,,-767.9314761205027
386,,,,,,,,,,-6307.905993380356
387,,,,,,,,,,-1953.202727518204
388,,,,,,,,,,-93.94979786545468
389,,,,,,,,,,-45794.33797986685
390,,,,,,,,,,-508.69211370051835
391,,,,,,,,,,-21386.51653218623
392,,,,,,,,,,-13442.624023458042
393,,,,,,,,,,230.46508583592288
394,,,,,,,,,,-33304.275761814
395,,,,,,,,,,-910.4761144749225
396,,,,,,,,,,-1775.2236082160646
397,,,,,,,,,,-514.6355075491065
398,,,,,,,,,,-1584.4939265420162
399,,,,,,,,,,-109200.55366298516
400,,,,,,,,,,-3700.383683440534
401,,,,,,,,,,-137.74425520584816
402,,,,,,,,,,-2945.023194915016
403,,,,,,,,,,-30337.67140296202
404,,,,,,,,,,4816.632938855931
405,,,,,,,,,,-7785.547680222467
406,,,,,,,,,,-568.7440045692654
407,,,,,,,,,,-220.36769228956896
408,,,,,,,,,,-1484.056835323048
409,,,,,,,,,,-7791.1214051654815
410,,,,,,,,,,-38503.720814975124
411,,,,,,,,,,-5909.027817850607
412,,,,,,,,,,-2110.456787641707
413,,,,,,,,,,-7842.351047088617
414,,,,,,,,,,-2186.663095398778
415,,,,,,,,,,-2157.3192465351676
416,,,,,,,,,,-149.46388907355677
417,,,,,,,,,,-2325.961517285506
418,,,,,,,,,,-507.63869460404754
419,,,,,,,,,,-2769.1619624262394
420,,,,,,,,,,-2231.5554818293767
421,,,,,,,,,,79.0687115085815
422,,,,,,,,,,361.82265124999435
423,,,,,,,,,,7577.412183516397
424,,,,,,,,,,-30847.414854493003
425,,,,,,,,,,-207.03910634080736
426,,,,,,,,,,735.0522607970495
427,,,,,,,,,,-29408.96766677346
428,,,,,,,,,,-647.2841215960545
429,,,,,,,,,,-1265.4222524626628
430,,,,,,,,,,766.8522578442578
431,,,,,,,,,,-7962.648041257191
432,,,,,,,,,,-39.89154878414618
433,,,,,,,,,,-34075.648093538344
434,,,,,,,,,,550.5478765553871
435,,,,,,,,,,-576.9554293056077
436,,,,,,,,,,-74591.48050037952
437,,,,,,,,,,-3269.261781962614
438,,,,,,,,,,430.8507108943619
439,,,,,,,,,,-4318.1389064047335
440,,,,,,,,,,-146003.86142218194
441,,,,,,,,,,-3582.1595373908794
442,,,,,,,,,,185.11717536432985
443,,,,,,,,,,-3083.546390072261
444,,,,,,,,,,-11378.459227763644
445,,,,,,,,,,-4626.070877018245
446,,,,,,,,,,-2184.140744371474
447,,,,,,,,,,-79672.45906437674
448,,,,,,,,,,-2544.8742987206006
449,,,,,,,,,,5.203679365821031
450,,,,,,,,,,6063.577036386751
451,,,,,,,,,,28.547409583647337
452,,,,,,,,,,-2041.7058717647444
453,,,,,,,,,,-260385.93931256697
454,,,,,,,,,,-6291.148457323342
455,,,,,,,,,,-105.42341528001796
456,,,,,,,,,,-213.826927064241
457,,,,,,,,,,-2.3323171372718035
458,,,,,,,,,,-1701.6513698811364
459,,,,,,,,,,-2363.8093380755217
460,,,,,,,,,,264.95173719665127
461,,,,,,,,,,-2673.5330010901826
462,,,,,,,,,,-2105.770461893025
463,,,,,,,,,,-199.53163994197038
464,,,,,,,,,,-33496.82236976315
465,,,,,,,,,,-1057.1827074822381
466,,,,,,,,,,-5561.351246789138
467,,,,,,,,,,-7802.61245354672
468,,,,,,,,,,-10095.10531770861
469,,,,,,,,,,1080.7345836926288
470,,,,,,,,,,-243.455370017395
471,,,,,,,,,,-10900.85742732216
472,,,,,,,,,,-948.7716779887535
473,,,,,,,,,,-6067.171079410442
474,,,,,,,,,,-23001.89103117314
475,,,,,,,,,,-7623.32974374285
476,,,,,,,,,,-128.9000372559162
477,,,,,,,,,,-1537.6274931588011
478,,,,,,,,,,-224.78563502293673
479,,,,,,,,,,-31.54796646717204
480,,,,,,,,,,-41.72701884315708
481,,,,,,,,,,-16304.701888153984
482,,,,,,,,,,-2294.0581179278756
483,,,,,,,,,,-248.16674979643318
484,,,,,,,,,,5325.743754293189
485,,,,,,,,,,-1473.0402494596283
486,,,,,,,,,,-433.44045770054305
487,,,,,,,,,,-131.05005957308762
488,,,,,,,,,,-876.4952198901253
489,,,,,,,,,,-1020.2543263199922
490,,,,,,,,,,-214.67140095400944
491,,,,,,,,,,-34761.17034130056
492,,,,,,,,,,-43274.79227546123
493,,,,,,,,,,-38818.45260062581
494,,,,,,,,,,-1521.6857086570137
495,,,,,,,,,,-3873.261312667927
496,,,,,,,,,,-1698.046017598454
497,,,,,,,,,,-3732.0679784316117
498,,,,,,,,,,-16494.947887508075
499,,,,,,,,,,-2158.381080072837
500,,,,,,,,,,-8264.71121753487
501,,,,,,,,,,-8500.363438456083
502,,,,,,,,,,-5232.774519050283
503,,,,,,,,,,-853.6698527239619
504,,,,,,,,,,-206.40225651816797
505,,,,,,,,,,-123.52947956635049
506,,,,,,,,,,-11052.209043161103
507,,,,,,,,,,-3194.2954795359783
508,,,,,,,,,,-2097.978615672176
509,,,,,,,,,,-1791.7732197586663
510,,,,,,,,,,-595.1512834412575
511,,,,,,,,,,-339.6000099460705
512,,,,,,,,,,-3788.4007671771824
513,,,,,,,,,,-1561.4296890031378
514,,,,,,,,,,-8198.958897038037
515,,,,,,,,,,-428.55814028625633
516,,,,,,,,,,-580.7475966402808
517,,,,,,,,,,-1531.5239575953965
518,,,,,,,,,,-7.843873966449092
519,,,,,,,,,,-384.195059914813
520,,,,,,,,,,-1115.0430649554924
521,,,,,,,,,,-1820.7107186843223
522,,,,,,,,,,186.3810479834532
523,,,,,,,,,,493.3177996657071
524,,,,,,,,,,-21487.981977664516
525,,,,,,,,,,-10814.373907211664
526,,,,,,,,,,-1145.8128558609812
527,,,,,,,,,,-3563.653727760543
528,,,,,,,,,,-2471753.6889559263
529,,,,,,,,,,-678.2052752129596
530,,,,,,,,,,-408.7184576669247
531,,,,,,,,,,-2348.076398123987
532,,,,,,,,,,-6172.2605957321975
533,,,,,,,,,,-524.8911279718502
534,,,,,,,,,,-7933.89927567877
535,,,,,,,,,,225.26107298355134
536,,,,,,,,,,-131.96040457121
537,,,,,,,,,,-16673.787985218012
538,,,,,,,,,,-32594.25818993854
539,,,,,,,,,,-14146.40241286427
540,,,,,,,,,,-6363.558801857578
541,,,,,,,,,,-13035.960546177324
542,,,,,,,,,,-5820.145460624727
543,,,,,,,,,,-94.40452981076567
544,,,,,,,,,,-24783.277049077977
545,,,,,,,,,,-11107.897892496778
546,,,,,,,,,,-845.3518956840576
547,,,,,,,,,,-735.6115949259919
548,,,,,,,,,,-7469.018089283913
549,,,,,,,,,,293.37745144278983
550,,,,,,,,,,-215.107982347857
551,,,,,,,,,,417.26116709084954
552,,,,,,,,,,-33477.55039622521
553,,,,,,,,,,-4481.034162559234
554,,,,,,,,,,-6757.4833834338715
555,,,,,,,,,,-3773.6100977759866
556,,,,,,,,,,-750.3552671008201
557,,,,,,,,,,-466.7895024516995
558,,,,,,,,,,-38272.918649052386
559,,,,,,,,,,-3869.0915836153754
560,,,,,,,,,,-1785.350807348485
561,,,,,,,,,,691.3295246078474
562,,,,,,,,,,-3785.5360759248406
563,,,,,,,,,,-1359.8570106664965
564,,,,,,,,,,-3250.3853586657633
565,,,,,,,,,,-823.439387030381
566,,,,,,,,,,-1532.2076630203285
567,,,,,,,,,,374.8877424430138
568,,,,,,,,,,-5339.395117608411
569,,,,,,,,,,-428.548922897336
570,,,,,,,,,,-1137.657048936857
571,,,,,,,,,,-903.3393063221195
572,,,,,,,,,,-3380.5053137820623
573,,,,,,,,,,-157.12815261549622
574,,,,,,,,,,-28972.545629856308
575,,,,,,,,,,-74037.7338396539
576,,,,,,,,,,-1731.6240488806693
577,,,,,,,,,,-18253.41351859791
578,,,,,,,,,,-41836.866072597666
579,,,,,,,,,,-9542.284540662708
580,,,,,,,,,,-4683.950703500419
581,,,,,,,,,,-19042.588693759197
582,,,,,,,,,,-860.388888286345
583,,,,,,,,,,-4234.598590688298
584,,,,,,,,,,-2672.483248585572
585,,,,,,,,,,-836.7559107441368
586,,,,,,,,,,-386.98465549455284
587,,,,,,,,,,-12367.172366325725
588,,,,,,,,,,-10807.555016296617
589,,,,,,,,,,-3340.3163722955105
590,,,,,,,,,,-339.43724800812925
591,,,,,,,,,,2477.98188805833
592,,,,,,,,,,-1943569.4315012465
593,,,,,,,,,,-4437.667728586037
594,,,,,,,,,,-1335.5595711052529
595,,,,,,,,,,-5218.498305908775
596,,,,,,,,,,-1241.5799208483463
597,,,,,,,,,,-86414.74245613595
598,,,,,,,,,,-39724.22671096954
599,,,,,,,,,,-9.72483495482754
600,,,,,,,,,,160.2218959571157
601,,,,,,,,,,29.864668328383004
602,,,,,,,,,,-3212.5724692899807
603,,,,,,,,,,-174.65865224553255
604,,,,,,,,,,-15.418161120341264
605,,,,,,,,,,-21455.580846549816
606,,,,,,,,,,-214336.1689545167
607,,,,,,,,,,-247.59726395962565
608,,,,,,,,,,-7024.328228941131
609,,,,,,,,,,-2622.5265288116957
610,,,,,,,,,,-76930.38123229303
611,,,,,,,,,,-597.1023975751293
612,,,,,,,,,,-6404.246442319183
613,,,,,,,,,,-803.3878960820052
614,,,,,,,,,,-44.236692331755876
615,,,,,,,,,,342.8410731285861
616,,,,,,,,,,-94.03509719454314
617,,,,,,,,,,-15663.803389082808
618,,,,,,,,,,-10992.142985175004
619,,,,,,,,,,-175.41065492024222
620,,,,,,,,,,-3149.4469686907564
621,,,,,,,,,,-37829.751672020175
622,,,,,,,,,,-4886.46134688575
623,,,,,,,,,,-419.7187731538826
624,,,,,,,,,,-40.62890112869591
625,,,,,,,,,,-22465.759872743925
626,,,,,,,,,,-3911.3504075014416
627,,,,,,,,,,-6575.892412389136
628,,,,,,,,,,-3154.8574764671625
629,,,,,,,,,,-226.01784168806807
630,,,,,,,,,,-361.0454543597368
631,,,,,,,,,,-1625.3583373123038
632,,,,,,,,,,-34866.99124986686
633,,,,,,,,,,-92.85682582864436
634,,,,,,,,,,-1938.145720259027
635,,,,,,,,,,-3976.7485825925814
636,,,,,,,,,,-86470.35229889122
637,,,,,,,,,,151.96411629634946
638,,,,,,,,,,-39330.267027092545
639,,,,,,,,,,-2782.6428123570513
640,,,,,,,,,,1021.3315143237883
641,,,,,,,,,,-11934.64066599486
642,,,,,,,,,,-27479.119994541306
643,,,,,,,,,,520.4007228460766
644,,,,,,,,,,-690.2288204913033
645,,,,,,,,,,-522.1596834073595
646,,,,,,,,,,-3449.1555046764306
647,,,,,,,,,,4291.683656523053
648,,,,,,,,,,8.888276849999997
649,,,,,,,,,,-7689.123239324539
650,,,,,,,,,,-2199.4005029756663
651,,,,,,,,,,-7560.617519032729
652,,,,,,,,,,-1557.5087096417717
653,,,,,,,,,,-2092.2329156686706
654,,,,,,,,,,-66570.91006901811
655,,,,,,,,,,-868.1705573065026
656,,,,,,,,,,-1701.0739734024833
657,,,,,,,,,,-42.349442774719435
658,,,,,,,,,,-508.8500738078908
659,,,,,,,,,,-3735.387620068875
660,,,,,,,,,,-14335.724222428407
661,,,,,,,,,,-10762.429891870992
662,,,,,,,,,,-9252.468617878298
663,,,,,,,,,,-418.56059364093136
664,,,,,,,,,,-2201.626871262074
665,,,,,,,,,,-148.2115674885547
666,,,,,,,,,,-22.052134663361883
667,,,,,,,,,,-150.0772545352045
668,,,,,,,,,,-2126.1839740589944
669,,,,,,,,,,-439.2549450536046
670,,,,,,,,,,-9.904630752621287
671,,,,,,,,,,-5761.730786813292
672,,,,,,,,,,-90.48828072108093
673,,,,,,,,,,133.96220555551048
674,,,,,,,,,,-15438.350586203498
675,,,,,,,,,,-203.8892910902367
676,,,,,,,,,,707.3774589634584
677,,,,,,,,,,-104.6244524366835
678,,,,,,,,,,-1587.481514933243
679,,,,,,,,,,-1170.9115240737224
680,,,,,,,,,,170.53767015578433
681,,,,,,,,,,-7252.675315277114
682,,,,,,,,,,-29921.282703345634
683,,,,,,,,,,73.32538923696248
684,,,,,,,,,,-23154.498739613173
685,,,,,,,,,,-36461.85164926644
686,,,,,,,,,,-94.82114753249607
687,,,,,,,,,,-14964.568550813157
688,,,,,,,,,,-1813.577899912309
689,,,,,,,,,,-425.2725278648836
690,,,,,,,,,,-1923.5128032787447
691,,,,,,,,,,-1105.6525651352629
692,,,,,,,,,,-9807.275702742032
693,,,,,,,,,,-3014.7655044630565
694,,,,,,,,,,-2781.0475097766766
695,,,,,,,,,,-1156.4356666813844
696,,,,,,,,,,-3825.2320596140835
697,,,,,,,,,,-1594.8271613737468
698,,,,,,,,,,-163.03167432168664
699,,,,,,,,,,-85.27452003135181
700,,,,,,,,,,-3108.1970587147275
701,,,,,,,,,,-9860.534397852101
702,,,,,,,,,,-280.8657896494741
703,,,,,,,,,,-4394.1325409437395
704,,,,,,,,,,-5347.909352228449
705,,,,,,,,,,-633.6534563892754
706,,,,,,,,,,-1968.7405989944104
707,,,,,,,,,,-7285.709264165538
708,,,,,,,,,,-8957.126139366337
709,,,,,,,,,,-4113.6286655578715
710,,,,,,,,,,-12100.306921024745
711,,,,,,,,,,-232.53972589138098
712,,,,,,,,,,-6398.493165346209
713,,,,,,,,,,646.5823479704337
714,,,,,,,,,,-3429.1713863611253
715,,,,,,,,,,-116975.8136823204
716,,,,,,,,,,-6575.256627130317
717,,,,,,,,,,-137205.99414240321
718,,,,,,,,,,-12295.954420180777
719,,,,,,,,,,-5889.139481320408
720,,,,,,,,,,-2045.451604954906
721,,,,,,,,,,2232.2377672275643
722,,,,,,,,,,-871.2561465347021
723,,,,,,,,,,-72155.60781481511
724,,,,,,,,,,-190.899827102647
725,,,,,,,,,,-3220.722036350162
726,,,,,,,,,,-613.1776163447213
727,,,,,,,,,,-80575.24611205613
728,,,,,,,,,,-5241.250313323044
729,,,,,,,,,,-11311.335441378696
730,,,,,,,,,,-157.4377110222711
731,,,,,,,,,,-9466.313736384185
732,,,,,,,,,,-677.1655693196768
733,,,,,,,,,,-1596.1501023336318
734,,,,,,,,,,-29198.137376596336
735,,,,,,,,,,-11065.14238742411
736,,,,,,,,,,-2064.0708583304095
737,,,,,,,,,,-8184.664870757198
738,,,,,,,,,,-636.6085541866613
739,,,,,,,,,,-46800.83552200801
740,,,,,,,,,,-28216.972636494756
741,,,,,,,,,,-30297.62544713611
742,,,,,,,,,,-1868.2814520244788
743,,,,,,,,,,-839.8341489906068
744,,,,,,,,,,-1913.3342425026303
745,,,,,,,,,,-168.5399960438162
746,,,,,,,,,,182.00708546337336
747,,,,,,,,,,-8611.457404415822
748,,,,,,,,,,-59.49445451072883
749,,,,,,,,,,-3020.6301964828835
750,,,,,,,,,,-35623.49198447793
751,,,,,,,,,,-5242.681450289579
752,,,,,,,,,,-540.4457716959645
753,,,,,,,,,,-2602.438484273982
754,,,,,,,,,,466.7482763517014
755,,,,,,,,,,-2861.7741376115514
756,,,,,,,,,,-441.51893851072975
757,,,,,,,,,,-6006.678976841522
758,,,,,,,,,,-1668.5339470528936
759,,,,,,,,,,-10666.79577410367
760,,,,,,,,,,-5830.068795093797
761,,,,,,,,,,-4615.970717774136
762,,,,,,,,,,-18392.535919592032
763,,,,,,,,,,-165067.76128766895
764,,,,,,,,,,-3408.993047740958
765,,,,,,,,,,3541.3051763578424
766,,,,,,,,,,-23.04874851371444
767,,,,,,,,,,28.361142703834446
768,,,,,,,,,,-12904.572236344271
769,,,,,,,,,,-6871.440384335783
770,,,,,,,,,,-295.9224088236787
